psql \! chcp 1251
;
CREATE SCHEMA homework;
CREATE TABLE homework.area (
    area_id      integer PRIMARY KEY,
    area_name    text NOT NULL
);
CREATE TABLE homework.employer (
    employer_id      SERIAL PRIMARY KEY,
    employer_name    text NOT NULL,
    area_id          integer NOT NULL REFERENCES homework.area (area_id) ON DELETE CASCADE
);
CREATE TABLE homework.vacancy (
    vacancy_id            SERIAL PRIMARY KEY,
    employer_id           integer NOT NULL REFERENCES homework.employer (employer_id) ON DELETE CASCADE,
    position_name         text NOT NULL,
    compensation_from     integer,
    compensation_to       integer,
    compensation_gross    boolean,
    created_at            timestamp DEFAULT now(),
    responses             integer DEFAULT 0,
    first_response_at     timestamp
);
CREATE TABLE homework.applicant (
    applicant_id      SERIAL PRIMARY KEY,
    applicant_name    text NOT NULL,
    area_id           integer REFERENCES homework.area (area_id) ON DELETE SET NULL
);
CREATE TABLE homework.resume (
    resume_id             SERIAL PRIMARY KEY,
    applicant_id          integer NOT NULL REFERENCES homework.applicant (applicant_id) ON DELETE CASCADE,
    position_objective    text
);
CREATE TABLE homework.vacancy_resume (
    relation_id    SERIAL PRIMARY KEY,
    vacancy_id     integer NOT NULL REFERENCES homework.vacancy (vacancy_id) ON DELETE CASCADE,
    resume_id      integer NOT NULL REFERENCES homework.resume (resume_id) ON DELETE CASCADE,
    created_at     timestamp DEFAULT now(),
    CONSTRAINT unique_relations UNIQUE(vacancy_id, resume_id)
);
INSERT INTO homework.area
VALUES (1, 'Москва'),
       (2, 'Санкт-Петербург'),
       (160, 'Алматы'),
       (88, 'Казань'),
       (236, 'Кипр'),
       (3, 'Екатеринбург'),
       (1002, 'Минск'),
       (4, 'Новосибирск'),
       (66, 'Нижний Новгород'),
       (85, 'США'),
       (76, 'Ростов-на-Дону'),
       (4610, 'Жуковка (Московская область)'),
       (2760, 'Бишкек'),
       (212, 'Тольятти'),
       (53, 'Краснодар'),
       (115, 'Киев'),
       (2086, 'Дубна'),
       (71, 'Пенза'),
       (25, 'Вологда'),
       (95, 'Тюмень'),
       (90, 'Томск'),
       (104, 'Челябинск'),
       (78, 'Самара'),
       (14, 'Архангельск'),
       (41, 'Калининград'),
       (96, 'Ижевск'),
       (77, 'Рязань'),
       (99, 'Уфа'),
       (2077, 'Химки'),
       (79, 'Саратов'),
       (11, 'Барнаул'),
       (135, 'Харьков'),
       (32, 'Иваново (Ивановская область)'),
       (63, 'Саранск'),
       (2759, 'Ташкент'),
       (107, 'Чебоксары'),
       (15, 'Астрахань'),
       (1550, 'Таганрог'),
       (26, 'Воронеж'),
       (1081, 'Костомукша'),
       (1399, 'Магнитогорск'),
       (92, 'Тула'),
       (24, 'Волгоград'),
       (87, 'Тамбов'),
       (54, 'Красноярск'),
       (1004, 'Могилев'),
       (72, 'Пермь'),
       (56, 'Курск'),
       (58, 'Липецк'),
       (2020, 'Балашиха'),
       (185, 'Семей'),
       (22, 'Владивосток'),
       (2781, 'Бухара'),
       (249, 'Саров'),
       (112, 'Ярославль'),
       (68, 'Омск'),
       (17, 'Белгород'),
       (130, 'Севастополь'),
       (2088, 'Зеленоград');
INSERT INTO homework.employer
VALUES (4596113, 'Фабрика Решений', 1),
       (924434, 'ЛИИС', 2),
       (3809863, 'Grand era', 160),
       (4948337, 'Артистраж', 1),
       (3013521, 'Postuf', 1),
       (2925489, 'myBI', 1),
       (4712659, 'Progressive Mind', 1),
       (3188177, 'АТРАКС ТРЕЙД', 88),
       (5078562, 'Scalable Solutions', 236),
       (2730772, 'BestDoctor', 1),
       (230159, 'ТаймВэб', 2),
       (4192649, 'InvestEngine', 3),
       (2009224, 'Insilico Medicine', 1),
       (1006898, 'Yodo - бот учитель', 2),
       (666194, 'iTechArt Group', 1004),
       (4920624, 'Селфсек', 4),
       (851716, 'Новакид РУС', 1),
       (4955545, 'NZT Group', 1),
       (3103033, 'Амариллис Солюшенс', 1002),
       (1303086, 'Где Лучше', 1),
       (2464195, 'БОЛЬШАЯ ТРОЙКА', 1),
       (2675286, 'Хоменко Г.И.', 1),
       (4972909, 'Колесникова Елена Владимировна', 85),
       (850334, 'ОнТаргет ЛАБС', 2),
       (114223, 'буше', 2),
       (1134687, 'The Head', 3),
       (4422400, 'ФоксТри', 1002),
       (3692264, 'Каберг Шуц', 88),
       (3337220, 'Декаст Инжиниринг', 1),
       (2630490, 'Медиабюро Статус презенс', 1),
       (4321017, 'Валовой Сергей Александрович', 1),
       (3809, 'СИБУР, Группа компаний', 1),
       (1392137, 'AVIATA.KZ', 2760),
       (1186265, 'Axamit', 1),
       (4262629, 'UnitCode', 76),
       (2596493, 'Результат', 1),
       (1738507, 'Soshace', 2),
       (5046879, 'Global Hunter', 1),
       (1690577, 'Мандарин', 1),
       (5078291, 'Arima-Analytics', 1),
       (3542906, 'SpectrumData', 3),
       (3918144, 'L3 Technologies', 1),
       (3934385, 'JetLend', 1),
       (3202190, 'KTS Studio', 1),
       (899854, 'NetworkOptix', 1),
       (2743, 'Комплектэнерго', 1),
       (1276080, 'Генотек', 1),
       (3916908, 'Санлайт', 1),
       (1514066, 'Диджитал Пайн', 2),
       (5057407, 'Техинформ', 4610),
       (1713030, 'Перфект Системс', 1),
       (4739616, 'Telestat', 1),
       (84585, 'Авито', 1),
       (4537998, 'Рубедайт Рус', 1),
       (4740514, 'Printum', 1),
       (4899473, 'DigiFabster', 212),
       (2588380, 'BR Lab', 53),
       (6528, 'dentsu', 1),
       (770605, 'IT Recruitment Solutions (ITRS.ua) ®­', 115),
       (597423, 'EXANTE', 1002),
       (1685100, 'Staff-UP Consulting Group', 1),
       (1212374, 'FunCorp', 1),
       (2234168, 'B2Broker', 1),
       (5056141, 'Faceplate', 160),
       (10627, 'ГК TFN', 1),
       (3151408, 'Ассоциация IPChain', 1),
       (133323, 'ВитаСофт', 2),
       (3572132, 'Видеоинтеллект', 2086),
       (4679779, 'Опора Финанс', 1),
       (7118, 'Фортуна', 115),
       (3002083, 'Globerce Inc.', 160),
       (625615, 'Открытые решения', 71),
       (17713, 'ЮТэйр, Авиакомпания', 2),
       (4295296, 'Софтвайс', 2),
       (3798396, 'Интегрис', 1),
       (1939886, 'ТЛ Групп', 25),
       (1737940, 'Эшелон-Северо-Запад', 2),
       (941566, 'КОМТЕК', 95),
       (1815645, 'Improvado', 90),
       (3661390, 'Expertonica', 160),
       (3863113, 'First_Line', 2),
       (4683890, 'Доценко Дарья', 1),
       (21416, 'Photo Lab', 1),
       (2727395, 'INNOVA GROUP', 88),
       (1320790, 'АБК', 1),
       (737263, 'ИнПлат', 1),
       (157761, 'АКМЭ сервис', 2),
       (3094338, 'Институт прикладных экономических исследований РАНХиГС при Президенте Российской Федерации', 1),
       (4934, 'Билайн', 1),
       (3854170, 'DataData', 3),
       (1062084, 'Ситилаб, Научно-методический центр клинической лабораторной диагностики', 1),
       (534346, 'АЛЬФА-БАНК', 1002),
       (2650528, 'ProAnalytics', 104),
       (2724615, 'БСТ Менеджмент-Консалтинг', 1),
       (1960996, 'Телеком-ВИСТ', 78),
       (39305, 'Газпром нефть', 1),
       (3116863, 'MedPoint24', 1),
       (2117946, 'Пэйсенд Процессинг', 1),
       (598471, 'evrone.ru', 1),
       (5074038, 'Микси', 1),
       (1798150, 'ГридПоинт Дайнамикс', 1),
       (108082, 'ФомЛайн', 1),
       (4492576, 'Checkaso', 2),
       (24958, 'Северное Кадровое Агентство', 14),
       (654435, 'Spice Agency', 1),
       (3529, 'Сбербанк', 3),
       (3307986, '«Инносети»', 41),
       (3497676, 'Лендсбэй', 1),
       (25730, 'FOZZY GROUP, Корпорация', 115),
       (1164991, 'Интегрос', 115),
       (1093415, 'EvoPlay', 115),
       (889, 'Консорциум Кодекс', 2),
       (2456523, 'Нейрогейминг Парк', 1),
       (1074015, 'Бэлл Интегратор', 1002),
       (3236819, 'МИТКОМ', 71),
       (2643808, '«Баланс-Платформа»', 1),
       (1395715, 'Руна Системс', 1002),
       (2569275, 'Emphasoft', 2),
       (4346163, 'ДИДЖИ ТЕХ', 1),
       (1641540, 'Deutsche Bank Technology Center', 1),
       (2068941, 'Cindicator', 2),
       (2808, 'Открытые Технологии', 1),
       (841097, 'НИИ МАСШТАБ', 2),
       (2575750, 'CoMagic', 1),
       (818393, 'Chocofamily (Chocolife, Chocotravel, Chocofood, Lensmark, Idoctor)', 160),
       (41138, 'Internest', 2),
       (656166, 'NGENIX', 2),
       (3183420, 'Digital Reputation', 1),
       (2283457, 'НТ Прогресс', 1),
       (3301866, 'APPSULOVE', 1002),
       (665449, 'Строительный Двор', 1),
       (3598220, 'Нова', 1),
       (1302029, 'Lasmart', 2),
       (2987, 'КРОК', 1),
       (1660145, 'БВС', 1),
       (3780512, 'МАРКСОФТ', 96),
       (4882660, 'ОсОО Региональные платежные системы', 2760),
       (4623486, 'Центр Орбита', 2),
       (976931, 'The Skolkovo Institute of Science and Technology', 1),
       (2733062, 'Лига Цифровой Экономики', 1),
       (7602, 'ФинТех', 1),
       (4651002, 'Смарт Капитал Инвест', 53),
       (5060211, 'РусБИТех-Астра', 1),
       (3299238, 'ЛАЦИТ - Лаборатория цифровых технологий', 1002),
       (3342250, 'ReTech Labs', 90),
       (1986909, 'Программный регион', 77),
       (1787419, 'Spark Equation', 2),
       (3833378, 'ОГАУДО Детский технопарк Кванториум Дружба', 77),
       (136929, 'ivi', 1),
       (1741901, 'Ак Барс Цифровые Технологии', 88),
       (8550, 'Центр финансовых технологий', 4),
       (3197321, 'Кузница Кадров', 1),
       (2389722, 'Gismart', 1002),
       (2605703, 'Зарплата.ру', 4),
       (598439, 'ЮВК-Консалт', 1),
       (645117, 'BP Mobile', 1002),
       (58031, 'ФК ПУЛЬС', 1),
       (3590430, 'Interactive Standard, LLC', 4),
       (1545815, 'МедРейтинг', 53),
       (760, 'САТЕЛ, Группа компаний', 79),
       (3057190, 'Эдюкейшн груп', 90),
       (1597722, 'Digital Nomads', 90),
       (1942592, 'Твигл', 1),
       (575393, 'Т8', 1),
       (4733377, 'PLADO.MARKET', 1),
       (2279941, 'Константа', 1),
       (3881763, 'Digift', 2),
       (2049717, 'АйБэа', 11),
       (602711, 'Омега', 2),
       (681319, 'ЗАЗЕКС', 76),
       (3882733, 'Финтех Айкью', 4),
       (653947, 'Group-IB', 1),
       (1740, 'Яндекс', 1),
       (58432, 'Инициум', 1550),
       (572713, 'Дионис, Пенза', 71),
       (4246225, 'Орка Софт', 2),
       (42775, 'ФОРА', 115),
       (145408, 'ФГУП НПП Гамма', 1),
       (3398883, 'IT-школа Кодиум', 78),
       (851604, 'Andersen', 1002),
       (7452, 'РТСофт', 3),
       (1684993, 'Виста', 2),
       (985, 'Кадровое агентство Юнити', 1),
       (4490324, 'Апптимизм', 63),
       (49357, 'МАГНИТ, Розничная сеть', 53),
       (5008980, 'АльтероСмарт', 3),
       (4066963, 'Alif Tech', 2759),
       (34746, 'NPM', 4),
       (87322, 'Регистратор доменных имен РЕГ.РУ', 1),
       (72977, 'БАРС Груп', 4),
       (815055, 'Электронная медицина', 76),
       (792914, 'Юником', 1),
       (3984, 'Рексофт', 26),
       (48184, 'Кадровое агентство Алексея Сухорукова', 4),
       (20921, 'ВЕСТА, Логистическая компания', 53),
       (166611, 'ТРИНИТИ', 2),
       (142683, 'Семейный доктор', 1),
       (5066366, 'Global Teams', 115),
       (1565821, 'ProBusiness Group', 1),
       (754148, 'Офисный Мир КМ', 76),
       (747028, 'IT_Selection', 2),
       (564792, 'Asia InterCommunications', 160),
       (64474, 'GlowByte Consulting', 1002),
       (694940, 'А 3', 1),
       (3546628, 'Xperience.ai', 66),
       (1473866, 'Сбербанк-Сервис', 1),
       (3557269, 'Прогресс', 15),
       (2015060, 'Дунайс', 1550),
       (1978012, 'ВижнЛабс (VisionLabs)', 1),
       (1111946, 'Электронная торговая площадка Газпромбанка', 1),
       (4786592, 'ИКРумб', 1),
       (2136954, 'ДомКлик', 66),
       (2524797, 'inDriver', 1),
       (3870857, 'Betby', 1),
       (4872, 'ТЕХНОСЕРВ', 1),
       (5070979, 'X-LiV Development', 2),
       (818312, 'Ижевский радиозавод', 96),
       (6041, 'Северсталь, Москва', 1081),
       (3978915, 'РВ-Тариф', 1399),
       (1115346, 'Крит', 1),
       (301, 'ABBYY', 1),
       (4456441, 'Hunt For You', 1),
       (1059553, 'Государственное автономное учреждение Тульской области «Центр информационных технологий»', 92),
       (3805803, 'Дунайс Альянс', 1550),
       (3982856, 'ЦЦЭТ', 53),
       (852361, 'Ростелеком - Центры обработки данных', 1),
       (53665, 'Stroyportal.ru - интернет-площадка', 24),
       (1735678, 'Сетевая Лаборатория', 87),
       (3508081, 'Российская академия народного хозяйства и государственной службы при Президенте Российской Федерации', 1),
       (1092837, 'С7 ИТ', 4),
       (3378161, 'LLC ICONIC', 2),
       (3144945, 'Ростелеком Информационные Технологии', 1),
       (163362, 'Очень Интересно', 3),
       (69961, 'DataArt', 53),
       (4162557, 'Страна Девелопмент', 95),
       (5042019, 'Eva Space', 1),
       (2863076, 'Skillbox', 1),
       (921918, 'Admitad', 1002),
       (3591220, 'RocketData', 1002),
       (1716, 'НОРБИТ', 56),
       (3086591, 'Диджитал медикэл оперейшнс', 1),
       (788921, 'Интеллектуальные системы', 26),
       (3523772, '2050.Digital', 88),
       (4414552, 'М5', 1),
       (153479, 'Цифровые решения, НПП', 1),
       (939343, 'Стрим', 1),
       (1776381, 'CATAPULTO.RU', 1),
       (2771696, 'АйТи Мегастар', 4),
       (4947907, 'НМ Технолоджис', 1),
       (668019, 'СимбирСофт,ООО', 78),
       (824009, '220 Вольт', 2),
       (1838, 'Ventra', 1),
       (2406247, 'Selecty', 1),
       (44272, 'ЭР-Телеком', 72),
       (2690994, 'АНО ДПО Институт Социальных Услуг и Инноваций Вектор', 72),
       (1308323, 'Мотив Нейроморфные Технологии', 4),
       (20839, 'ГК «Черноголовка»', 2020),
       (2072954, 'Моторная компания «Астана-Моторс', 160),
       (766468, 'Группа компаний С7', 1),
       (78638, 'Тинькофф', 3),
       (52951, 'КАМАЗ', 2),
       (3939147, 'Унифон', 58),
       (6769, 'EPAM Systems, Inc.', 2),
       (4023, 'Райффайзенбанк', 1),
       (3982125, 'Эйч-Эль-Эль', 1),
       (1035394, 'Красное & Белое, розничная сеть', 104),
       (37623, 'Diamond Personnel R&C', 2),
       (1469550, 'НТЦ Атлас', 1),
       (3202769, 'ДЖАСТ ВОРК', 66),
       (5008758, 'Productivity Inside', 4),
       (1329104, 'Mobidoo', 1),
       (872178, 'ИЦ АЙ-ТЕКО', 1),
       (4971086, 'ShowmeVR', 1),
       (1006416, 'НТЦ Модуль', 1),
       (1149418, 'ВЕБИМ.РУ', 2),
       (3185191, 'Аналитические программные решения', 1),
       (123401, 'Банк ЦентрКредит', 160),
       (2324020, 'Точка', 3),
       (1858119, 'Innowise Group / Фабрика инноваций и решений', 1002),
       (603989, 'Коммерческий банк «Хлынов»', 107),
       (93655, 'МНИТИ', 1),
       (2180, 'Ozon', 2),
       (47858, 'Центральный банк Российской Федерации', 1),
       (6189, 'Bell Integrator', 79),
       (3633, 'ICNX', 1),
       (607605, 'СТМ', 2),
       (746783, 'Научсофт', 1002),
       (227031, 'SBL- pharma', 1),
       (99993, 'МодульБанк', 4),
       (2794209, 'iMAS GROUP', 185),
       (78961, 'Банк Восточный', 1),
       (5687, 'СБСОФТ', 1),
       (2488771, 'Directum', 96),
       (4132939, 'Смирнова Ксения Андреевна', 1),
       (1883675, 'HR-PROFI', 2),
       (4327016, 'Цифровое проектирование', 2),
       (4454620, 'Blockchain Solutions', 1),
       (22494, 'Неофлекс', 71),
       (48090, 'Ingate', 2),
       (3159793, 'ТЕСЛА', 1),
       (1504670, 'HEADS and HANDS', 3),
       (3776, 'МТС', 1),
       (4680, 'ЛогЛаб', 22),
       (1111058, 'Star-staff', 2),
       (2032205, 'Cardsmobile (Приложение «Кошелёк»)', 2),
       (843296, 'BR Systems', 72),
       (174, 'Полиметалл', 2),
       (1007537, 'СТДев', 1002),
       (5037287, 'Monday Labs', 2781),
       (3778, 'ИнфоТеКС', 1),
       (5069324, 'Попов Артём Сергеевич', 1550),
       (67611, 'Тензор', 99),
       (823709, 'Xsolla Inc.', 72),
       (19989, 'ЕВРАЗ', 4),
       (8884, 'Доктор Веб', 2),
       (4650979, 'Оверван', 1002),
       (2523715, 'АппВелокс', 2),
       (103944, 'РТИ', 249),
       (1833, 'Брокеркредитсервис', 4),
       (3076831, 'Коннектом', 71),
       (1007833, 'PVS-Studio', 92),
       (618292, 'FIX', 88),
       (114448, 'Playrix', 76),
       (571482, 'Воронежский опытный завод программной продукции', 26),
       (567065, 'эдмин', 78),
       (2657797, 'Алгоритмика', 1),
       (26624, 'Positive Technologies', 1),
       (1904, 'НСК', 1),
       (1726344, 'ЭппКрафт', 77),
       (2866, 'Artezio', 66),
       (15478, 'Mail.ru Group', 1),
       (1121008, 'Девхаб', 1002),
       (2967250, 'Сиркьют Инжиниринг Технолоджиз', 1002),
       (3244995, 'the_covert', 2),
       (1621201, 'Сеть аптек «Таблеточка»', 17),
       (88109, 'Лабмедиа', 112),
       (739556, 'ОКТБ Вектор', 76),
       (4803898, 'ММАЙТИ', 160),
       (3442638, 'FITTIN', 26),
       (3089830, 'ПИК-БРОКЕР', 1),
       (2054885, 'Vitatrade', 160),
       (219425, 'Kokoc Group', 1),
       (2811169, 'ЛАЙТ МЭП', 76),
       (4569602, 'Дуэт', 95),
       (636653, 'Sibedge', 90),
       (4470289, 'Qummy', 53),
       (972961, 'Inline Telecom Solutions', 1),
       (2932179, 'BrainGarden', 2),
       (23040, 'Банк Открытие', 79),
       (2628219, 'БОСТОНДЖИН', 1),
       (4766196, 'Вига софт', 1004),
       (1587, 'КОМПЛИТ', 2),
       (1496, 'Банк Хоум Кредит', 1),
       (56119, 'Noveo', 4),
       (1449896, 'Алитикс', 2088),
       (4533843, 'Файдвер', 1002),
       (5040920, 'Исследования и разработки Окели Энержи', 24);
INSERT INTO homework.vacancy
VALUES (40269982, 4596113, 'Стажер - Python-разработчик (Django, DRF)', 50000, 90000, Null, '2020-12-03T19:05:36+0300', 630, '2020-12-09T11:05:36'),
       (40774748, 924434, 'Junior backend разработчик (Python)', 50000, Null, Null, '2020-12-03T11:16:38+0300', 876, '2020-12-20T09:16:38'),
       (40762518, 3809863, 'Стажер программиста Python', Null, Null, Null, '2020-12-05T17:07:44+0300', 520, '2020-12-24T05:07:44'),
       (40471386, 4948337, 'Программист Python', 120000, 170000, True, '2020-12-04T16:12:12+0300', 585, '2020-12-23T07:12:12'),
       (40018645, 3013521, 'Junior Backend Developer (Python)', Null, Null, Null, '2020-12-03T20:37:25+0300', 921, '2020-12-22T06:37:25'),
       (40274631, 2925489, 'Разработчик на Python', 50000, Null, Null, '2020-12-05T11:21:59+0300', 202, '2020-12-12T20:21:59'),
       (40426503, 4712659, 'Python разработчик ( antifraud )', 240000, 300000, True, '2020-12-04T11:59:45+0300', 512, '2020-12-20T21:59:45'),
       (40296172, 3188177, 'Python разработчик', 90000, 140000, True, '2020-12-03T14:12:49+0300', 349, '2020-12-06T15:12:49'),
       (40766582, 5078562, 'Middle QA Automation Engineer (Python)', 180000, 250000, Null, '2020-12-02T23:44:17+0300', 391, '2020-12-22T06:44:17'),
       (39415818, 2730772, 'Python-Разработчик (удаленно)', Null, 250000, Null, '2020-12-04T18:37:16+0300', 717, '2020-12-09T07:37:16'),
       (40573887, 230159, 'Python-разработчик', 120000, Null, Null, '2020-12-02T11:23:49+0300', 17, '2020-12-03T21:23:49'),
       (40569648, 4192649, 'Lead разработчик (Python + Django)', 150000, 300000, Null, '2020-12-05T09:39:03+0300', 83, '2020-12-06T08:39:03'),
       (40288012, 2009224, 'Программист Python', 100000, 180000, Null, '2020-12-03T11:23:04+0300', 828, '2020-12-13T20:23:04'),
       (40354515, 1006898, 'Разработчик Python / Программист Python', Null, Null, Null, '2020-12-05T16:32:04+0300', 172, '2020-12-20T07:32:04'),
       (40806625, 666194, 'Junior Python Developer (Trainee/Students Lab)', Null, Null, Null, '2020-12-04T14:07:28+0300', 559, '2020-12-16T02:07:28'),
       (40557515, 4920624, 'Разработчик Python', 100000, Null, Null, '2020-12-05T17:22:07+0300', 401, '2020-12-21T10:22:07'),
       (39736489, 4596113, 'Python-разработчик (Django, DRF)', 60000, 150000, Null, '2020-12-02T20:35:33+0300', 84, '2020-12-15T18:35:33'),
       (39635172, 851716, 'Python-разработчик', 200000, Null, Null, '2020-12-04T18:38:33+0300', 558, '2020-12-24T14:38:33'),
       (40682852, 4955545, 'Senior Backend developer (Python)', 250000, 400000, True, '2020-12-05T14:02:17+0300', 259, '2020-12-24T20:02:17'),
       (40726415, 3103033, 'Python Developer', Null, Null, Null, '2020-12-04T11:35:29+0300', 470, '2020-12-16T04:35:29'),
       (40677350, 1303086, 'Senior Python-разработчик', 180000, 250000, Null, '2020-12-03T12:47:36+0300', 558, '2020-12-17T18:47:36'),
       (40374479, 2464195, 'Backend python/Django разработчик', 120000, 200000, Null, '2020-12-03T13:08:16+0300', 736, '2020-12-14T19:08:16'),
       (40618332, 2675286, 'Backend Developer (Python/Flask)', 150000, 190000, Null, '2020-12-04T02:29:04+0300', 755, '2020-12-15T16:29:04'),
       (40667381, 4972909, 'Программист - Разработчик среднего уровеня Python / Django', 1500, 2000, True, '2020-12-02T20:42:11+0300', 729, '2020-12-15T03:42:11'),
       (40473376, 850334, 'Python Developer', 2500, 4000, True, '2020-12-05T13:50:23+0300', 680, '2020-12-22T18:50:23'),
       (39230093, 114223, 'Data analyst (Python\R)', Null, Null, Null, '2020-12-03T16:33:55+0300', 763, '2020-12-06T12:33:55'),
       (40578238, 1134687, 'Разработчик Python', 80000, 150000, Null, '2020-12-05T12:53:16+0300', 35, '2020-12-13T08:53:16'),
       (40685899, 4422400, 'Python developer', Null, Null, Null, '2020-12-03T18:01:20+0300', 654, '2020-12-18T03:01:20'),
       (40268641, 3692264, 'Junior Data Scientist', 70000, 120000, True, '2020-12-03T17:46:41+0300', 390, '2020-12-05T16:46:41'),
       (40377747, 3337220, 'Python Backend разработчик', 150000, 250000, Null, '2020-12-03T14:33:46+0300', 816, '2020-12-08T20:33:46'),
       (40807405, 2630490, 'Программист Python', 50000, Null, Null, '2020-12-04T14:28:48+0300', 118, '2020-12-06T21:28:48'),
       (40415075, 4321017, 'Senior Python Developer', 180000, 250000, Null, '2020-12-03T22:14:24+0300', 826, '2020-12-08T20:14:24'),
       (40471367, 4948337, 'Data Scientist', 120000, 170000, True, '2020-12-04T16:13:43+0300', 527, '2020-12-19T01:13:43'),
       (40808867, 3809, 'Стажер data scientist', Null, Null, Null, '2020-12-04T15:14:31+0300', 19, '2020-12-06T17:14:31'),
       (39267419, 1392137, 'Python Developer', Null, 800000, Null, '2020-12-05T15:36:11+0300', 183, '2020-12-14T17:36:11'),
       (39635173, 851716, 'Python-разработчик', 200000, Null, Null, '2020-12-04T18:38:33+0300', 315, '2020-12-22T03:38:33'),
       (40791178, 1186265, 'Python Developer', Null, Null, Null, '2020-12-03T17:19:11+0300', 588, '2020-12-20T12:19:11'),
       (40690281, 4262629, 'Программист Python', Null, 100000, True, '2020-12-04T22:18:52+0300', 490, '2020-12-21T15:18:52'),
       (40526566, 2596493, 'Junior Python developer \ разработчик', Null, 60000, True, '2020-12-04T13:35:38+0300', 428, '2020-12-18T18:35:38'),
       (40317526, 1738507, 'Python Web Developer', 3500, 5000, Null, '2020-12-04T11:21:38+0300', 873, '2020-12-08T11:21:38'),
       (40637156, 5046879, 'Python разработчик', 200000, Null, True, '2020-12-04T15:53:35+0300', 678, '2020-12-16T16:53:35'),
       (40789347, 850334, 'Senior Python Developer', 3500, 4500, True, '2020-12-03T16:04:47+0300', 229, '2020-12-13T21:04:47'),
       (40299275, 1690577, 'Старший разработчик Python', 200000, 250000, Null, '2020-12-03T15:32:28+0300', 20, '2020-12-09T05:32:28'),
       (40765000, 5078291, 'Аналитик Data Scientist', 30000, 60000, True, '2020-12-05T18:42:11+0300', 155, '2020-12-18T09:42:11'),
       (37345143, 3542906, 'Python Developer', 100000, 160000, Null, '2020-12-03T08:17:54+0300', 847, '2020-12-17T19:17:54'),
       (40332539, 3918144, 'Разработчик C++/Python', 120000, 170000, Null, '2020-12-04T19:07:35+0300', 126, '2020-12-17T02:07:35'),
       (40782495, 3934385, 'Backend Developer Python', Null, 200000, Null, '2020-12-03T14:32:19+0300', 627, '2020-12-08T02:32:19'),
       (40295642, 3202190, 'Senior Python разработчик', 160000, 200000, Null, '2020-12-05T15:22:09+0300', 909, '2020-12-10T08:22:09'),
       (30005963, 899854, 'Senior Python developer', 4000, Null, Null, '2020-12-05T16:36:25+0300', 738, '2020-12-12T17:36:25'),
       (39349530, 2743, 'Разработчик на Python (Full stack)', 180000, Null, Null, '2020-12-04T11:58:40+0300', 565, '2020-12-13T06:58:40'),
       (40539264, 1276080, 'Разработчик Python', 80000, 120000, Null, '2020-12-04T21:20:56+0300', 787, '2020-12-11T22:20:56'),
       (40496700, 3916908, 'Data Scientist (удаленно)', Null, Null, Null, '2020-12-03T12:43:36+0300', 486, '2020-12-17T01:43:36'),
       (40666795, 1514066, 'Middle разработчик Python / Django (удалённо)', 60000, 120000, Null, '2020-12-02T19:05:32+0300', 412, '2020-12-10T05:05:32'),
       (40625731, 5057407, 'Программист Python', 100000, Null, True, '2020-12-04T11:05:00+0300', 925, '2020-12-11T21:05:00'),
       (39863445, 1713030, 'Python Backend Developer / WEB - разработчик', 120000, Null, True, '2020-12-03T13:37:08+0300', 297, '2020-12-17T11:37:08'),
       (39837930, 1392137, 'Middle Python Developer (удаленная работа)', Null, 1800, Null, '2020-12-05T12:37:14+0300', 430, '2020-12-06T23:37:14'),
       (40272631, 4739616, 'Backend Python Developer', 140000, 200000, Null, '2020-12-04T13:43:51+0300', 26, '2020-12-14T20:43:51'),
       (40317662, 1738507, 'Python Web Developer', 3500, 5000, Null, '2020-12-04T11:23:34+0300', 916, '2020-12-24T23:23:34'),
       (39715855, 84585, 'Разработчик Python', Null, Null, Null, '2020-12-04T16:00:32+0300', 704, '2020-12-11T02:00:32'),
       (40766201, 4537998, 'Senior Python developer', 180000, 250000, Null, '2020-12-02T21:40:10+0300', 986, '2020-12-17T19:40:10'),
       (40419320, 4740514, 'Программист-разработчик Python/Django', 80000, Null, True, '2020-12-03T09:34:12+0300', 115, '2020-12-15T10:34:12'),
       (40728933, 4899473, 'Разработчик Python/Django (сфера 3D-печати и цифрового производства)', 120000, 190000, True, '2020-12-04T12:42:55+0300', 72, '2020-12-17T00:42:55'),
       (40517515, 2588380, 'Python developer', 140000, 180000, Null, '2020-12-04T12:34:03+0300', 353, '2020-12-10T10:34:03'),
       (40612760, 2730772, 'Python senior developer', 180000, 300000, Null, '2020-12-03T16:20:26+0300', 187, '2020-12-08T06:20:26'),
       (40713958, 6528, 'Математик-программист / Разработчик (Python)', Null, Null, Null, '2020-12-04T12:55:08+0300', 893, '2020-12-05T06:55:08'),
       (40481611, 770605, 'Python Team Lead', 4500, 5000, Null, '2020-12-03T11:19:30+0300', 459, '2020-12-05T20:19:30'),
       (39899553, 597423, 'Python Django developer', 1200, Null, Null, '2020-12-04T16:57:29+0300', 841, '2020-12-22T07:57:29'),
       (40790922, 1685100, 'Senior Python Developer (Python-3)', 200000, Null, Null, '2020-12-03T17:07:20+0300', 455, '2020-12-11T03:07:20'),
       (39388485, 1212374, 'Senior Python Backend Developer (Machine Learning)', 250000, Null, Null, '2020-12-03T10:16:39+0300', 527, '2020-12-06T03:16:39'),
       (40447045, 2234168, 'Python developer', 1800, 2500, Null, '2020-12-04T17:09:03+0300', 589, '2020-12-23T20:09:03'),
       (39635171, 851716, 'Python-разработчик', 200000, Null, Null, '2020-12-04T18:38:33+0300', 618, '2020-12-20T19:38:33'),
       (37227041, 2234168, 'Python developer удаленно', 150000, 200000, Null, '2020-12-04T18:15:05+0300', 702, '2020-12-14T22:15:05'),
       (40765512, 5056141, 'Junior разработчик со знанием Python (back-end) и JS (front)', Null, Null, Null, '2020-12-02T19:30:24+0300', 465, '2020-12-19T09:30:24'),
       (40812369, 10627, 'Web-разработчик (Python)', Null, 130000, Null, '2020-12-04T17:31:42+0300', 406, '2020-12-04T17:31:42'),
       (38823396, 3151408, 'Senior Python Developer', 230000, Null, Null, '2020-12-04T16:40:42+0300', 374, '2020-12-25T04:40:42'),
       (40434004, 133323, 'Python разработчик (WEB разработка)', 50000, Null, Null, '2020-12-04T14:23:52+0300', 399, '2020-12-24T18:23:52'),
       (40814829, 3572132, 'Junior Программист computing vision (С++/Python)', 60000, Null, True, '2020-12-04T22:19:00+0300', 678, '2020-12-15T05:19:00'),
       (40790074, 4679779, 'Разработчик Python', Null, 80000, Null, '2020-12-03T16:29:02+0300', 224, '2020-12-18T17:29:02'),
       (40546962, 7118, 'Senior Python Developer / TechLead', 4000, 6000, True, '2020-12-05T11:31:41+0300', 602, '2020-12-05T21:31:41'),
       (40810303, 3002083, 'Python backend-разработчик', Null, Null, Null, '2020-12-04T16:03:35+0300', 97, '2020-12-25T10:03:35'),
       (37034220, 625615, 'Программист Python', Null, Null, Null, '2020-12-05T13:38:34+0300', 775, '2020-12-26T08:38:34'),
       (40766162, 17713, 'Бэкенд-разработчик (Python)', Null, Null, Null, '2020-12-02T21:30:35+0300', 197, '2020-12-16T17:30:35'),
       (40351163, 4295296, 'Data Scientist', 150000, 200000, Null, '2020-12-05T14:53:49+0300', 538, '2020-12-25T20:53:49'),
       (40371807, 3798396, 'Программист С++/Python', 120000, 160000, Null, '2020-12-03T12:05:54+0300', 31, '2020-12-15T12:05:54'),
       (40762065, 3809863, 'Data scientist', Null, Null, Null, '2020-12-05T16:52:02+0300', 959, '2020-12-15T20:52:02'),
       (40622835, 1939886, 'Junior Python developer в Вологде', 40000, 40000, Null, '2020-12-04T09:45:58+0300', 553, '2020-12-07T05:45:58'),
       (38036578, 899854, 'Разработчик автоматических тестов GUI (Python, Squish)', 3000, Null, True, '2020-12-03T17:35:53+0300', 696, '2020-12-19T02:35:53'),
       (40667728, 1737940, 'Разработчик web-приложений Python', 80000, 240000, True, '2020-12-02T22:58:59+0300', 199, '2020-12-09T15:58:59'),
       (40529014, 941566, 'Junior Python developer', 30000, Null, Null, '2020-12-04T14:50:49+0300', 780, '2020-12-23T07:50:49'),
       (40799451, 1815645, 'Junior Python Developer', 30000, Null, Null, '2020-12-04T10:15:38+0300', 833, '2020-12-14T04:15:38'),
       (40766163, 17713, 'Бэкенд-разработчик (Python)', Null, Null, Null, '2020-12-02T21:30:51+0300', 626, '2020-12-20T11:30:51'),
       (40768321, 3661390, 'Django Разработчик', 300000, 500000, True, '2020-12-03T07:40:56+0300', 358, '2020-12-06T01:40:56'),
       (38779122, 3863113, 'Senior Python developer', 150000, 220000, True, '2020-12-03T11:17:25+0300', 670, '2020-12-03T14:17:25'),
       (39990807, 4683890, 'Junior Data Scientist', Null, Null, Null, '2020-12-04T00:36:58+0300', 909, '2020-12-19T23:36:58'),
       (40780728, 21416, 'Программист С++ (Computer Vision)', 100000, 200000, Null, '2020-12-03T14:01:05+0300', 938, '2020-12-05T02:01:05'),
       (40341931, 2727395, 'Программист Python Senior', 150000, 190000, Null, '2020-12-03T17:01:03+0300', 822, '2020-12-16T16:01:03'),
       (40775568, 1320790, 'Data Scientist (удаленно)', Null, Null, Null, '2020-12-03T11:40:04+0300', 911, '2020-12-07T19:40:04'),
       (36711877, 737263, 'Разработчик Python', Null, Null, Null, '2020-12-04T16:36:19+0300', 569, '2020-12-18T03:36:19'),
       (40805505, 4955545, 'Python Developer (Computer Vision)', Null, Null, Null, '2020-12-04T13:26:39+0300', 503, '2020-12-19T09:26:39'),
       (39648870, 157761, 'Python разработчик (удаленно)', 140000, 160000, Null, '2020-12-03T10:17:24+0300', 260, '2020-12-05T23:17:24'),
       (40551245, 3094338, 'Разработчик (Python)', 110000, 140000, True, '2020-12-05T17:20:05+0300', 262, '2020-12-25T02:20:05'),
       (40766160, 17713, 'Бэкенд-разработчик (Python)', Null, Null, Null, '2020-12-02T21:30:01+0300', 972, '2020-12-23T00:30:01'),
       (39902901, 597423, 'Python Django developer', 1200, Null, Null, '2020-12-04T16:57:30+0300', 946, '2020-12-11T21:57:30'),
       (39782469, 4934, 'Python разработчик', Null, Null, Null, '2020-12-03T12:37:48+0300', 870, '2020-12-23T05:37:48'),
       (40751884, 3854170, 'Программист Python', 70000, 120000, Null, '2020-12-02T12:13:10+0300', 222, '2020-12-14T03:13:10'),
       (40766156, 17713, 'Бэкенд-разработчик (Python)', Null, Null, Null, '2020-12-02T21:29:38+0300', 894, '2020-12-11T06:29:38'),
       (38001428, 1062084, 'Разработчик Python (Удалённая работа)', Null, 150000, Null, '2020-12-04T16:36:37+0300', 261, '2020-12-10T19:36:37'),
       (40043149, 2730772, 'Data Engineer', 160000, 200000, Null, '2020-12-04T16:37:57+0300', 570, '2020-12-13T00:37:57'),
       (39903119, 597423, 'Python Django developer', 1200, Null, Null, '2020-12-04T16:57:30+0300', 206, '2020-12-13T21:57:30'),
       (40452543, 534346, 'Разработчик Python', Null, Null, Null, '2020-12-04T21:01:35+0300', 868, '2020-12-16T14:01:35'),
       (40756529, 2650528, 'Python-разработчик', Null, Null, Null, '2020-12-02T14:16:24+0300', 66, '2020-12-04T04:16:24'),
       (40766154, 17713, 'Бэкенд-разработчик (Python)', Null, Null, Null, '2020-12-02T21:29:16+0300', 934, '2020-12-09T17:29:16'),
       (40815185, 2724615, 'Data scientist/Бизнес-аналитик (Junior/Middle) в консалтинг', Null, Null, Null, '2020-12-05T06:46:40+0300', 584, '2020-12-11T19:46:40'),
       (40393840, 1960996, 'Программист Python', 30000, 100000, Null, '2020-12-04T11:03:48+0300', 724, '2020-12-20T20:03:48'),
       (40368307, 3798396, 'Программист Python', 120000, 170000, Null, '2020-12-03T10:45:16+0300', 383, '2020-12-05T18:45:16'),
       (40742579, 39305, 'Python разработчик (Junior+) [id71561]', Null, Null, Null, '2020-12-02T07:35:04+0300', 315, '2020-12-12T11:35:04'),
       (39789017, 3116863, 'Тестировщик ПО удаленно (автоматизация, Python)', 120000, 150000, Null, '2020-12-04T10:34:37+0300', 392, '2020-12-07T12:34:37'),
       (40608975, 2117946, 'Python Developer', Null, Null, Null, '2020-12-03T11:34:43+0300', 480, '2020-12-21T05:34:43'),
       (40115067, 598471, 'Python (Django) developer', Null, 220000, Null, '2020-12-04T15:38:11+0300', 398, '2020-12-23T14:38:11'),
       (40716086, 5074038, 'Ведущий программист Python', 100000, 150000, Null, '2020-12-03T18:14:00+0300', 379, '2020-12-14T10:14:00'),
       (40014643, 3013521, 'Middle/Senior Backend Developer (Python)', 150000, 300000, Null, '2020-12-05T11:37:29+0300', 135, '2020-12-20T12:37:29'),
       (40379186, 1798150, 'Python- разработчик (middle)', Null, Null, Null, '2020-12-03T15:11:12+0300', 209, '2020-12-04T18:11:12'),
       (40276102, 108082, 'Senior Developer ( Python ) – разработчик', 130000, 200000, True, '2020-12-02T19:06:21+0300', 400, '2020-12-16T22:06:21'),
       (40689885, 4492576, 'Python Developer', Null, Null, Null, '2020-12-04T18:09:39+0300', 956, '2020-12-25T09:09:39'),
       (40816971, 24958, 'Ведущий программист (Python-разработчик)', 80000, 125000, Null, '2020-12-05T16:14:46+0300', 340, '2020-12-09T06:14:46'),
       (40766142, 17713, 'Бэкенд-разработчик (Python)', Null, Null, Null, '2020-12-02T21:27:38+0300', 263, '2020-12-18T00:27:38'),
       (40705038, 654435, 'QA Engineer (Python)', Null, 220000, Null, '2020-12-04T10:54:31+0300', 351, '2020-12-04T22:54:31'),
       (40779176, 3529, 'Разработчик Python/Javascript', Null, Null, Null, '2020-12-03T13:16:19+0300', 830, '2020-12-12T05:16:19'),
       (40143848, 3307986, 'Backend-разработчик (Python)', Null, Null, Null, '2020-12-02T19:38:16+0300', 584, '2020-12-03T22:38:16'),
       (40732918, 3497676, 'Аналитик данных / Data scientist', Null, Null, Null, '2020-12-04T14:44:07+0300', 200, '2020-12-14T21:44:07'),
       (40556571, 25730, 'Senior Python Developer', Null, Null, Null, '2020-12-05T16:40:32+0300', 361, '2020-12-07T14:40:32'),
       (40739962, 1164991, 'Python-developer', Null, Null, Null, '2020-12-04T19:46:18+0300', 606, '2020-12-17T20:46:18'),
       (40301795, 1093415, 'Data scientist', Null, Null, Null, '2020-12-03T16:34:17+0300', 572, '2020-12-08T20:34:17'),
       (40478588, 889, 'Python developer', Null, Null, Null, '2020-12-04T10:47:13+0300', 110, '2020-12-14T00:47:13'),
       (40329008, 2456523, 'Full stack (python + react) разработчик', 120000, Null, True, '2020-12-04T16:27:17+0300', 363, '2020-12-12T08:27:17'),
       (40812005, 4683890, 'Data Scientist', Null, Null, Null, '2020-12-04T17:11:20+0300', 704, '2020-12-08T17:11:20'),
       (40762143, 1074015, 'Разработчик Python', Null, Null, Null, '2020-12-02T16:54:22+0300', 900, '2020-12-09T03:54:22'),
       (40716382, 3236819, 'Программист Python', Null, Null, Null, '2020-12-03T18:29:57+0300', 796, '2020-12-12T19:29:57'),
       (40097763, 2643808, 'Разработчик Python (+ Удаленная работа)', Null, Null, Null, '2020-12-02T12:23:25+0300', 626, '2020-12-13T00:23:25'),
       (40738498, 1395715, 'Junior Python Developer', Null, Null, Null, '2020-12-01T17:49:32+0300', 89, '2020-12-19T19:49:32'),
       (40590621, 2569275, 'Middle python backend разработчик', Null, Null, Null, '2020-12-02T19:18:52+0300', 698, '2020-12-12T19:18:52'),
       (40297573, 4346163, 'Python разработчик (middle\senior)', Null, Null, Null, '2020-12-03T14:48:58+0300', 407, '2020-12-23T13:48:58'),
       (40479363, 1641540, 'QA engineer (Python) - dbAces', 220000, Null, True, '2020-12-05T16:29:35+0300', 109, '2020-12-14T23:29:35'),
       (40276132, 108082, 'Senior Developer ( Python ) – разработчик', 150000, 220000, True, '2020-12-02T19:15:12+0300', 10, '2020-12-17T08:15:12'),
       (40302006, 2068941, 'Python App Backend Developer', 100000, 160000, True, '2020-12-03T16:41:00+0300', 770, '2020-12-13T09:41:00'),
       (39278262, 2808, 'Программист Python', Null, 160000, Null, '2020-12-03T11:23:23+0300', 382, '2020-12-18T21:23:23'),
       (39060999, 841097, 'Разработчик Python', 80000, 120000, Null, '2020-12-05T15:34:32+0300', 792, '2020-12-10T18:34:32'),
       (39430683, 2575750, 'Senior Python developer', Null, 260000, True, '2020-12-05T13:37:12+0300', 268, '2020-12-23T21:37:12'),
       (40760149, 818393, 'Middle Python developer/Python разработчик', Null, Null, Null, '2020-12-02T15:53:12+0300', 271, '2020-12-19T21:53:12'),
       (40168570, 41138, 'Python developer/Разработчик Python (Middle)', Null, Null, Null, '2020-12-03T12:18:48+0300', 810, '2020-12-10T07:18:48'),
       (40041376, 656166, 'Разработчик / Инженер-программист (Python)', Null, 230000, Null, '2020-12-03T16:55:34+0300', 625, '2020-12-12T07:55:34'),
       (40615199, 3183420, 'Backend-разработчик Python (middle)', 140000, 160000, Null, '2020-12-03T17:41:45+0300', 732, '2020-12-06T13:41:45'),
       (36449432, 2730772, 'Python middle developer', 120000, 160000, Null, '2020-12-03T21:37:37+0300', 883, '2020-12-05T23:37:37'),
       (35871016, 2283457, 'Разработчик Python', Null, Null, Null, '2020-12-05T12:36:46+0300', 533, '2020-12-16T05:36:46'),
       (39449149, 3301866, 'Python Developer', Null, Null, Null, '2020-12-04T13:46:24+0300', 950, '2020-12-20T09:46:24'),
       (37029603, 665449, 'Python разработчик', Null, Null, Null, '2020-12-04T14:07:55+0300', 175, '2020-12-24T14:07:55'),
       (40602136, 3598220, 'Backend разработчик Python (Django) (middle+/senior)', 150000, 200000, True, '2020-12-03T11:53:05+0300', 882, '2020-12-11T04:53:05'),
       (40482985, 1302029, 'Junior Data Engineer (Младший специалист по работе с данными)', Null, Null, Null, '2020-12-02T18:55:40+0300', 414, '2020-12-14T08:55:40'),
       (40479053, 1641540, 'Java/Python developer - dbIQ', 220000, Null, True, '2020-12-05T16:17:00+0300', 341, '2020-12-25T19:17:00'),
       (40740861, 2987, 'Junior Python Developer', Null, Null, Null, '2020-12-01T22:54:58+0300', 323, '2020-12-08T08:54:58'),
       (40754010, 1660145, 'Back-end Python/Django', 80000, 150000, Null, '2020-12-02T13:05:21+0300', 195, '2020-12-17T21:05:21'),
       (40771325, 3780512, 'Программист PHP / JS / Python', 30000, 40000, Null, '2020-12-03T09:52:40+0300', 820, '2020-12-21T15:52:40'),
       (40783462, 4882660, 'Backend разработчик (Python, middle-senior)', 65000, 120000, True, '2020-12-03T14:49:46+0300', 831, '2020-12-06T05:49:46'),
       (40737203, 3529, 'Стажер Data scientist', Null, Null, Null, '2020-12-01T17:00:19+0300', 327, '2020-12-09T18:00:19'),
       (40620144, 4623486, 'Программист Python', Null, Null, Null, '2020-12-04T18:13:25+0300', 619, '2020-12-23T01:13:25'),
       (38827758, 976931, 'Программист Python', Null, Null, Null, '2020-12-03T18:16:54+0300', 845, '2020-12-24T11:16:54'),
       (40241506, 2733062, 'Аналитик (Data Science )', Null, Null, Null, '2020-12-03T10:32:32+0300', 351, '2020-12-07T23:32:32'),
       (40729636, 7602, 'Разработчик Python', 100000, 220000, Null, '2020-12-01T13:06:11+0300', 279, '2020-12-17T01:06:11'),
       (40551758, 4651002, 'Программист Python', Null, Null, Null, '2020-12-05T14:03:48+0300', 700, '2020-12-07T00:03:48'),
       (40767591, 5060211, 'Разработчик Python', Null, Null, Null, '2020-12-03T06:29:35+0300', 252, '2020-12-19T18:29:35'),
       (36267290, 2234168, 'Python developer', 150000, 200000, Null, '2020-12-05T18:17:54+0300', 821, '2020-12-08T15:17:54'),
       (40806490, 3299238, 'Python developer (Senior)', Null, Null, Null, '2020-12-04T14:01:32+0300', 548, '2020-12-07T14:01:32'),
       (35110031, 3342250, 'Python/Django разработчик', Null, Null, Null, '2020-12-03T06:34:16+0300', 195, '2020-12-21T12:34:16'),
       (38146630, 1986909, 'Python Developer / Data Engineer', Null, Null, Null, '2020-12-05T15:34:43+0300', 656, '2020-12-07T02:34:43'),
       (40605517, 1787419, 'Senior Python Engineer (Remote)', 210000, 260000, Null, '2020-12-03T13:15:49+0300', 985, '2020-12-05T15:15:49'),
       (40760124, 3833378, 'Наставник по программированию (C#/С++/Java/Python)', 3000, 15000, Null, '2020-12-02T15:52:11+0300', 822, '2020-12-02T17:52:11'),
       (40004455, 136929, 'Инженер по автоматизации тестирования backend (Python) офис/удалённо', Null, Null, Null, '2020-12-03T10:02:41+0300', 958, '2020-12-03T21:02:41'),
       (40808778, 39305, 'Разработчик Python Middle+ [id 61603]', Null, Null, Null, '2020-12-04T15:10:59+0300', 390, '2020-12-17T11:10:59'),
       (40735950, 1741901, 'Программист Python (RPA)', Null, Null, Null, '2020-12-01T16:19:28+0300', 141, '2020-12-15T15:19:28'),
       (39655107, 8550, 'Инженер-программист Python', Null, Null, Null, '2020-12-03T08:23:01+0300', 956, '2020-12-10T14:23:01'),
       (39511122, 3197321, 'Python разработчик', Null, Null, Null, '2020-12-04T11:30:04+0300', 340, '2020-12-15T06:30:04'),
       (37706122, 2389722, 'Data Scientist', Null, Null, Null, '2020-12-05T17:37:08+0300', 77, '2020-12-21T22:37:08'),
       (40730219, 2605703, 'Data science', Null, Null, Null, '2020-12-04T06:27:11+0300', 122, '2020-12-13T01:27:11'),
       (38145409, 598439, 'Python разработчик', Null, 200000, Null, '2020-12-02T11:25:58+0300', 284, '2020-12-06T02:25:58'),
       (40278614, 665449, 'Python разработчик (удаленно)', Null, Null, Null, '2020-12-04T11:50:00+0300', 930, '2020-12-15T17:50:00'),
       (40660758, 3863113, 'Middle Python developer', Null, Null, Null, '2020-12-05T15:36:58+0300', 377, '2020-12-09T07:36:58'),
       (40380485, 645117, 'Python (Back-end) Developer', Null, Null, Null, '2020-12-03T15:51:19+0300', 329, '2020-12-06T05:51:19'),
       (34847333, 58031, 'Программист Python', Null, Null, Null, '2020-12-04T18:35:05+0300', 42, '2020-12-18T18:35:05'),
       (40510526, 3590430, 'Data Scientist', Null, Null, Null, '2020-12-04T14:37:06+0300', 768, '2020-12-13T04:37:06'),
       (40708827, 1545815, 'Python разработчик (Django)', 90000, 110000, True, '2020-12-01T10:09:08+0300', 217, '2020-12-05T01:09:08'),
       (39349315, 760, 'Python developer | Python разработчик', Null, Null, Null, '2020-12-05T13:34:39+0300', 890, '2020-12-17T15:34:39'),
       (40657939, 665449, 'Python разработчик Middle (удаленно)', Null, Null, Null, '2020-12-04T14:08:00+0300', 352, '2020-12-24T17:08:00'),
       (40800180, 3057190, 'Преподаватель Python', 10000, 15000, Null, '2020-12-04T10:38:21+0300', 954, '2020-12-11T13:38:21'),
       (39584768, 2808, 'Python-разработчик DE', Null, Null, Null, '2020-12-03T11:23:23+0300', 9, '2020-12-12T02:23:23'),
       (40719618, 1597722, 'Python Developer', 80000, 120000, Null, '2020-12-01T07:33:45+0300', 133, '2020-12-03T12:33:45'),
       (40737343, 1942592, 'Программист Python', Null, Null, Null, '2020-12-01T17:06:07+0300', 463, '2020-12-18T15:06:07'),
       (40444072, 575393, 'QA Engineer (Python)', Null, Null, Null, '2020-12-04T11:55:01+0300', 763, '2020-12-24T06:55:01'),
       (36267171, 2234168, 'Python developer', 150000, 200000, Null, '2020-12-05T18:17:50+0300', 121, '2020-12-15T10:17:50'),
       (40525315, 4733377, 'Middle web-разработчик (удаленно)', 300, 500, Null, '2020-12-04T13:04:23+0300', 183, '2020-12-10T16:04:23'),
       (40547800, 2279941, 'Python разработчик', 150000, 220000, Null, '2020-11-30T15:19:57+0300', 246, '2020-12-07T16:19:57'),
       (40730534, 108082, 'Middle Developer ( Python ) – разработчик', 80000, 130000, True, '2020-12-04T13:37:20+0300', 413, '2020-12-23T17:37:20'),
       (37951732, 3881763, 'Senior/ Программист Python', 150000, Null, Null, '2020-12-04T14:35:15+0300', 127, '2020-12-11T04:35:15'),
       (36240785, 2049717, 'Backend (python) developer', Null, Null, Null, '2020-12-04T10:34:26+0300', 857, '2020-12-21T14:34:26'),
       (40257533, 602711, 'Разработчик Python', Null, Null, Null, '2020-12-01T11:47:31+0300', 998, '2020-12-01T19:47:31'),
       (38493665, 681319, 'Программист Python (прикладная математика)', 30000, 50000, True, '2020-12-03T14:35:10+0300', 827, '2020-12-15T01:35:10'),
       (38808448, 3882733, 'Senior Python developer', 130000, Null, Null, '2020-12-05T06:34:36+0300', 685, '2020-12-09T08:34:36'),
       (40729736, 653947, 'Программист Python', Null, Null, Null, '2020-12-01T13:09:16+0300', 254, '2020-12-19T06:09:16'),
       (39521565, 1740, 'Code reviewer (на программу обучения "Middle Python разработчик")', Null, Null, Null, '2020-12-02T15:10:48+0300', 25, '2020-12-07T13:10:48'),
       (40146231, 58432, 'Python-разработчик', Null, Null, Null, '2020-11-30T13:38:15+0300', 226, '2020-12-06T05:38:15'),
       (40729234, 108082, 'Middle Developer ( Python ) – разработчик', 100000, 150000, True, '2020-12-04T12:52:41+0300', 280, '2020-12-21T18:52:41'),
       (40717652, 572713, 'Fullstack разработчик (Python 3+)', 40000, 60000, Null, '2020-11-30T21:36:55+0300', 433, '2020-12-05T08:36:55'),
       (40505634, 4246225, 'Senior Python developer', 230000, Null, Null, '2020-12-01T12:08:15+0300', 897, '2020-12-20T19:08:15'),
       (40369945, 42775, 'Data Engineer', Null, Null, Null, '2020-12-03T11:19:25+0300', 492, '2020-12-18T13:19:25'),
       (38109909, 145408, 'Python разработчик (backend)', Null, Null, Null, '2020-12-04T19:42:49+0300', 854, '2020-12-20T15:42:49'),
       (40379867, 3398883, 'Преподаватель Python для детей', 19000, 42000, Null, '2020-12-03T15:32:41+0300', 693, '2020-12-11T10:32:41'),
       (40734882, 851604, 'Senior Python developer', Null, Null, Null, '2020-12-01T15:44:51+0300', 813, '2020-12-21T23:44:51'),
       (40476352, 1545815, 'Junior Python разработчик (Django)', 40000, Null, True, '2020-11-30T08:04:05+0300', 559, '2020-12-20T10:04:05'),
       (39011566, 7452, 'Python developer', Null, Null, Null, '2020-12-02T17:26:07+0300', 712, '2020-12-02T20:26:07'),
       (40735445, 1684993, 'Junior/Middle Python разработчик', 40000, Null, Null, '2020-12-01T16:02:04+0300', 425, '2020-12-16T08:02:04'),
       (40730326, 985, 'Ведущий Python разработчик', Null, 250000, Null, '2020-12-01T13:37:04+0300', 789, '2020-12-15T12:37:04'),
       (40790175, 4490324, 'Тестировщик ПО / QA', 30000, Null, Null, '2020-12-03T16:33:24+0300', 149, '2020-12-22T16:33:24'),
       (38502449, 665449, 'Python разработчик', Null, Null, Null, '2020-12-04T14:07:57+0300', 924, '2020-12-23T03:07:57'),
       (39712731, 49357, 'Python-разработчик', Null, Null, Null, '2020-12-01T11:17:17+0300', 278, '2020-12-21T20:17:17'),
       (40729706, 653947, 'Python разработчик', Null, Null, Null, '2020-12-01T13:08:28+0300', 340, '2020-12-02T14:08:28'),
       (40263302, 5008980, 'Тестировщик QA автоматизация', 70000, 100000, Null, '2020-12-03T14:46:05+0300', 286, '2020-12-12T13:46:05'),
       (40512734, 4066963, 'Специалист Computer Vision', Null, Null, Null, '2020-12-04T09:01:47+0300', 876, '2020-12-15T22:01:47'),
       (40725478, 34746, 'Python developer (Python Backend Developer)', Null, Null, Null, '2020-12-01T11:11:08+0300', 341, '2020-12-10T11:11:08'),
       (40404075, 87322, 'Python-разработчик', 150000, Null, Null, '2020-11-30T10:37:44+0300', 234, '2020-12-01T04:37:44'),
       (40557207, 87322, 'Программист Python', 130000, Null, Null, '2020-11-30T10:44:47+0300', 270, '2020-12-11T08:44:47'),
       (39691204, 72977, 'Python Developer', Null, Null, Null, '2020-12-01T00:34:19+0300', 426, '2020-12-01T07:34:19'),
       (40030321, 815055, 'Программист Python', 70000, 200000, Null, '2020-11-30T10:11:38+0300', 277, '2020-12-03T03:11:38'),
       (39020203, 792914, 'Python Django разработчик', Null, Null, Null, '2020-11-30T11:03:33+0300', 812, '2020-12-05T09:03:33'),
       (40710018, 3984, 'Python Developer', Null, Null, Null, '2020-11-30T14:54:09+0300', 724, '2020-12-18T00:54:09'),
       (39011588, 7452, 'Python developer', Null, Null, Null, '2020-12-02T17:26:11+0300', 505, '2020-12-12T08:26:11'),
       (39334643, 48184, 'Python developer', 70000, 140000, Null, '2020-11-30T08:38:01+0300', 469, '2020-12-11T12:38:01'),
       (40529820, 20921, 'Web - разработчик (full stack, python, js)', Null, Null, Null, '2020-12-02T09:56:39+0300', 995, '2020-12-02T11:56:39'),
       (40557594, 87322, 'Senior Python-разработчик', 170000, Null, Null, '2020-11-30T10:37:55+0300', 212, '2020-12-10T16:37:55'),
       (37706586, 597423, 'Full stack developer (Python / Django / Vue)', 1500, Null, Null, '2020-12-04T16:57:30+0300', 673, '2020-12-15T07:57:30'),
       (40711778, 166611, 'Разработчик Python', Null, Null, Null, '2020-11-30T15:44:03+0300', 192, '2020-12-06T13:44:03'),
       (37486302, 142683, 'Python разработчик', 130000, 220000, Null, '2020-11-30T17:39:52+0300', 998, '2020-12-07T20:39:52'),
       (40710035, 3984, 'Python Developer', Null, Null, Null, '2020-11-30T14:54:40+0300', 32, '2020-12-05T16:54:40'),
       (40700833, 5066366, 'Senior Python Developer (Django)', 2500, 3500, True, '2020-11-30T11:05:41+0300', 507, '2020-12-18T04:05:41'),
       (40080507, 1741901, 'Python Developer', Null, Null, Null, '2020-11-30T09:45:49+0300', 152, '2020-12-02T06:45:49'),
       (39076182, 1565821, 'Senior Python backend developer (USA company)', Null, Null, Null, '2020-12-01T11:33:13+0300', 34, '2020-12-21T03:33:13'),
       (39076147, 1565821, 'Senior Python backend developer (USA company)', Null, Null, Null, '2020-12-01T11:33:13+0300', 267, '2020-12-10T23:33:13'),
       (37732117, 754148, 'Разработчик Python backend', Null, 140000, True, '2020-11-30T14:54:08+0300', 169, '2020-12-17T01:54:08'),
       (40376578, 815055, 'Разработчик Python', 30000, 80000, Null, '2020-11-30T10:11:42+0300', 265, '2020-12-05T06:11:42'),
       (40705066, 747028, 'QA Automation Engineer (Python) remote', 140000, 200000, Null, '2020-11-30T12:43:27+0300', 367, '2020-12-17T00:43:27'),
       (40705064, 747028, 'QA Automation Engineer (Python) remote', 140000, 200000, Null, '2020-11-30T12:43:27+0300', 409, '2020-12-13T23:43:27'),
       (40706732, 564792, 'Python разработчик', 250000, 350000, Null, '2020-11-30T13:25:24+0300', 93, '2020-12-17T00:25:24'),
       (37533024, 754148, 'Разработчик Python backend', Null, 140000, True, '2020-11-30T14:53:58+0300', 164, '2020-12-18T16:53:58'),
       (40698626, 64474, 'Python developer', Null, Null, Null, '2020-11-30T10:17:55+0300', 455, '2020-12-17T04:17:55'),
       (40701784, 694940, 'Ведущий разработчик Python', Null, Null, Null, '2020-11-30T11:28:59+0300', 90, '2020-12-03T23:28:59'),
       (40472951, 3546628, 'Middle / Senior C++ Engineer (Computer Vision)', Null, Null, Null, '2020-12-05T13:39:24+0300', 329, '2020-12-23T15:39:24'),
       (40699154, 1473866, 'Разработчик Python', Null, Null, Null, '2020-11-30T10:31:04+0300', 334, '2020-12-19T20:31:04'),
       (40097360, 3557269, 'Middle Django/Python-разработчик', Null, Null, Null, '2020-12-04T11:23:58+0300', 15, '2020-12-16T07:23:58'),
       (40172096, 2015060, 'Стажёр web-разработчик', Null, Null, Null, '2020-12-05T16:39:28+0300', 113, '2020-12-08T05:39:28'),
       (38728444, 1978012, 'Ведущий Python разработчик', 170000, Null, Null, '2020-11-30T12:09:09+0300', 259, '2020-12-19T04:09:09'),
       (40710048, 3984, 'Python Developer', Null, Null, Null, '2020-11-30T14:55:06+0300', 824, '2020-12-19T19:55:06'),
       (38845851, 1111946, 'Backend программист (Python)', Null, Null, Null, '2020-11-30T10:09:19+0300', 152, '2020-12-10T21:09:19'),
       (40275756, 4786592, 'Backend-разработчик', 80000, Null, True, '2020-12-05T17:24:21+0300', 189, '2020-12-08T00:24:21'),
       (40734881, 851604, 'Senior Python developer', Null, Null, Null, '2020-12-01T15:44:51+0300', 995, '2020-12-02T21:44:51'),
       (40352859, 2136954, 'Разработчик Python', Null, Null, Null, '2020-12-05T15:42:14+0300', 624, '2020-12-07T18:42:14'),
       (40725216, 2524797, 'Data engineer', Null, Null, Null, '2020-12-04T11:04:00+0300', 172, '2020-12-20T13:04:00'),
       (40352461, 3870857, 'Senior Python Developer (to Riga)', Null, Null, Null, '2020-12-05T15:34:46+0300', 63, '2020-12-24T21:34:46'),
       (37706581, 597423, 'Full stack developer (Python / Django / Vue)', 1500, Null, Null, '2020-12-04T16:57:30+0300', 979, '2020-12-16T21:57:30'),
       (39615636, 4872, 'Разработчик Python', Null, Null, Null, '2020-11-30T09:15:50+0300', 243, '2020-12-10T05:15:50'),
       (40690067, 5070979, 'Junior Python Developer', 25000, 50000, True, '2020-11-28T19:34:45+0300', 857, '2020-12-13T00:34:45'),
       (40146229, 58432, 'Python-разработчик', Null, Null, Null, '2020-11-30T13:38:15+0300', 269, '2020-12-05T05:38:15'),
       (38080785, 818312, 'Программист Python', Null, Null, Null, '2020-11-30T09:34:16+0300', 878, '2020-12-07T08:34:16'),
       (39566655, 6041, 'Разработчик Python, c# (IoT, CV, ML, AI)', 69000, Null, True, '2020-11-30T13:38:03+0300', 562, '2020-12-01T23:38:03'),
       (40698263, 3978915, 'Программист Python', Null, Null, Null, '2020-11-30T10:09:28+0300', 472, '2020-12-06T19:09:28'),
       (40610943, 1115346, 'Web-разработчик React', 200000, Null, Null, '2020-12-03T15:29:11+0300', 275, '2020-12-04T03:29:11'),
       (40143339, 2733062, 'Data Scientists', Null, Null, Null, '2020-11-29T18:39:11+0300', 317, '2020-12-12T17:39:11'),
       (39011539, 7452, 'Python developer', Null, Null, Null, '2020-12-02T17:26:03+0300', 417, '2020-12-14T11:26:03'),
       (39454732, 301, 'Software developer (C++, Computer Vision)', Null, Null, Null, '2020-12-01T10:44:18+0300', 624, '2020-12-17T04:44:18'),
       (40673473, 2569275, 'Начинающий backend-разработчик (Python)', Null, Null, Null, '2020-11-27T10:51:09+0300', 615, '2020-12-03T02:51:09'),
       (40690105, 4456441, 'Программист Python (Удаленно)', Null, Null, Null, '2020-11-28T19:53:13+0300', 890, '2020-12-12T22:53:13'),
       (38942699, 1059553, 'Junior / middle разработчик(developer) Python\Django', 50000, 90000, Null, '2020-11-28T15:37:46+0300', 94, '2020-12-19T09:37:46'),
       (39561083, 3805803, 'Ученик веб-разработчик', Null, Null, Null, '2020-12-03T11:38:06+0300', 325, '2020-12-12T02:38:06'),
       (40122690, 3982856, 'Python-разработчик (Middle)', 75000, 120000, Null, '2020-11-28T13:09:14+0300', 351, '2020-12-08T17:09:14'),
       (40682169, 852361, 'Программист Python', Null, Null, Null, '2020-11-27T15:21:05+0300', 396, '2020-12-15T03:21:05'),
       (40618292, 53665, 'Frontend-разработчик (html, js, django)', Null, Null, Null, '2020-12-02T11:02:42+0300', 822, '2020-12-22T12:02:42'),
       (40689404, 1735678, 'Middle Python developer', 40000, Null, Null, '2020-11-28T14:49:33+0300', 755, '2020-12-05T05:49:33'),
       (34847485, 58031, 'Ведущий программист Python', Null, Null, Null, '2020-12-04T18:35:05+0300', 837, '2020-12-24T17:35:05'),
       (39822166, 3508081, 'Разработчик Python', 180000, Null, True, '2020-11-27T16:01:51+0300', 133, '2020-11-29T06:01:51'),
       (40415987, 1092837, 'Python-разработчик', Null, Null, Null, '2020-11-27T16:49:46+0300', 383, '2020-12-03T05:49:46'),
       (40684807, 3378161, 'Python разработчик', 150000, 250000, True, '2020-11-27T17:00:25+0300', 334, '2020-12-04T16:00:25'),
       (35942765, 3144945, 'Разработчик Python', Null, Null, Null, '2020-11-30T13:02:55+0300', 467, '2020-12-12T06:02:55'),
       (40670418, 163362, 'Стажер - разработчик на Python', Null, Null, Null, '2020-11-27T09:00:58+0300', 54, '2020-12-09T13:00:58'),
       (39911954, 69961, 'Senior Python Developer', Null, Null, Null, '2020-11-30T17:56:11+0300', 221, '2020-12-13T07:56:11'),
       (40711673, 4162557, 'Тестировщик', Null, Null, Null, '2020-11-30T15:41:14+0300', 978, '2020-12-08T11:41:14'),
       (40668465, 163362, 'Стажер - разработчик на Python', Null, Null, Null, '2020-11-27T05:38:26+0300', 97, '2020-11-30T04:38:26'),
       (40683258, 653947, 'Разработчик Python', Null, Null, Null, '2020-11-27T16:02:26+0300', 928, '2020-12-17T11:02:26'),
       (40535679, 5042019, 'Fullstack developer', 120000, 200000, Null, '2020-12-04T17:19:18+0300', 794, '2020-12-05T05:19:18'),
       (39576407, 72977, 'Python Developer', Null, Null, Null, '2020-11-29T01:27:30+0300', 230, '2020-12-10T17:27:30'),
       (40686095, 666194, 'Junior Python Developer/Trainee (Mogilev)', Null, Null, Null, '2020-11-27T18:13:50+0300', 134, '2020-12-06T07:13:50'),
       (36618179, 58031, 'Ведущий программист Python', Null, Null, Null, '2020-12-04T18:35:05+0300', 711, '2020-12-19T07:35:05'),
       (39307030, 2863076, 'Data Engineer', Null, Null, Null, '2020-11-30T13:58:05+0300', 306, '2020-12-02T14:58:05'),
       (40268262, 921918, 'Middle Python Developer', Null, Null, Null, '2020-12-03T17:26:59+0300', 414, '2020-12-10T19:26:59'),
       (40682006, 3591220, 'Senior Python Developer', 3500, 5000, Null, '2020-11-27T15:15:29+0300', 254, '2020-11-29T17:15:29'),
       (40119738, 1716, 'Junior Data Scientist', Null, Null, Null, '2020-11-27T11:40:15+0300', 14, '2020-12-03T03:40:15'),
       (40690103, 4456441, 'Программист Python (Удаленно)', Null, Null, Null, '2020-11-28T19:52:42+0300', 345, '2020-12-19T08:52:42'),
       (38793843, 87322, 'Ведущий программист Python', 140000, Null, Null, '2020-11-27T16:46:19+0300', 113, '2020-12-03T09:46:19'),
       (40122685, 3086591, 'Python разработчик (удаленно)', Null, 100000, True, '2020-11-27T14:59:00+0300', 433, '2020-12-04T11:59:00'),
       (40358427, 788921, 'Python Developer (Программист-разработчик)', 27000, 85000, Null, '2020-12-02T19:46:00+0300', 627, '2020-12-20T18:46:00'),
       (40099460, 3523772, 'Backend разработчик Python (удаленная работа)', Null, Null, Null, '2020-11-27T08:48:12+0300', 779, '2020-12-09T20:48:12'),
       (40657474, 4414552, 'Backend Developer (Python/ML)', Null, Null, Null, '2020-11-26T14:10:39+0300', 969, '2020-12-02T22:10:39'),
       (38517047, 153479, 'Программист С++/Python (встраиваемые системы)', 100000, Null, Null, '2020-11-27T10:33:11+0300', 429, '2020-12-06T09:33:11'),
       (40666214, 939343, 'Machine Learning / Data Science Engineer', Null, Null, Null, '2020-11-26T18:12:30+0300', 897, '2020-11-27T07:12:30'),
       (40657454, 4414552, 'Backend Developer (Python/ML)', Null, Null, Null, '2020-11-26T14:10:06+0300', 452, '2020-12-11T17:10:06'),
       (37674249, 1776381, 'SENIOR программист-разработчик (Python\Django)', Null, 200000, Null, '2020-11-27T17:02:06+0300', 230, '2020-12-13T23:02:06'),
       (38832879, 2771696, 'Python developer', 80000, 130000, Null, '2020-11-27T10:34:33+0300', 360, '2020-12-10T17:34:33'),
       (39625393, 4947907, 'Junior Python Developer (Odoo)', Null, 170000, Null, '2020-12-04T14:38:32+0300', 25, '2020-12-09T01:38:32'),
       (40650610, 668019, 'Программист Python', Null, Null, Null, '2020-11-26T11:26:45+0300', 982, '2020-11-28T18:26:45'),
       (40685785, 939343, 'Python developer (проект SmartHome)', Null, Null, Null, '2020-11-27T17:54:02+0300', 64, '2020-12-08T05:54:02'),
       (39868029, 824009, 'Web Developer (Python)', Null, Null, Null, '2020-11-27T15:00:37+0300', 900, '2020-12-05T11:00:37'),
       (40675814, 1838, 'Разработчик Python', Null, Null, Null, '2020-11-27T11:56:42+0300', 612, '2020-11-30T16:56:42'),
       (39784981, 2406247, 'Senior Python –рaзрaботчик', Null, Null, Null, '2020-11-30T13:17:58+0300', 31, '2020-12-16T03:17:58'),
       (40353192, 2136954, 'FullStack Developer (Python, JS)', Null, Null, Null, '2020-12-05T15:53:31+0300', 802, '2020-12-15T11:53:31'),
       (40644308, 44272, 'Программист Python', Null, 45000, Null, '2020-11-26T08:08:48+0300', 585, '2020-12-14T23:08:48'),
       (40649368, 2690994, 'Программист Python', Null, Null, Null, '2020-11-26T10:56:08+0300', 135, '2020-12-06T18:56:08'),
       (40675239, 1716, 'Junior Data Scientist', Null, Null, Null, '2020-11-27T14:48:29+0300', 92, '2020-12-13T12:48:29'),
       (40653520, 1308323, 'Computer Vision developer (machine learning, python)', Null, Null, Null, '2020-11-26T12:48:05+0300', 49, '2020-11-27T19:48:05'),
       (39947828, 20839, 'Junior Python разработчик/Аналитик', Null, Null, Null, '2020-11-27T17:56:35+0300', 854, '2020-12-08T03:56:35'),
       (38137177, 2072954, 'Senior Python разработчик', 700000, Null, Null, '2020-11-26T13:42:25+0300', 276, '2020-12-13T03:42:25'),
       (40659688, 766468, 'Data Scientist', Null, Null, Null, '2020-11-26T15:15:14+0300', 362, '2020-12-04T02:15:14'),
       (40646067, 78638, 'Python-разработчик (Computer vision)', Null, Null, Null, '2020-11-26T09:33:08+0300', 425, '2020-12-13T09:33:08'),
       (40689701, 52951, 'Data Scientist middle', Null, Null, Null, '2020-11-28T16:53:39+0300', 835, '2020-11-30T02:53:39'),
       (40672089, 3939147, 'Программист Python,C++', Null, Null, Null, '2020-11-27T10:06:33+0300', 623, '2020-12-16T06:06:33'),
       (40645524, 3529, 'Python разработчик', Null, Null, Null, '2020-11-26T09:15:33+0300', 571, '2020-12-16T00:15:33'),
       (40674233, 6769, 'Python-разработчик', Null, Null, Null, '2020-11-27T11:11:24+0300', 757, '2020-12-09T12:11:24'),
       (40642678, 4023, 'Python разработчик в команду Chat', Null, Null, Null, '2020-11-26T00:16:57+0300', 761, '2020-12-03T04:16:57'),
       (40598378, 3982125, 'Python Developer', 150000, 230000, True, '2020-11-24T10:26:58+0300', 710, '2020-12-13T16:26:58'),
       (40657972, 1035394, 'Программист Python', Null, Null, Null, '2020-11-26T14:19:55+0300', 971, '2020-12-04T19:19:55'),
       (39705486, 37623, 'Программист Python', Null, Null, Null, '2020-11-26T11:23:18+0300', 924, '2020-12-14T18:23:18'),
       (40301823, 1469550, 'Программист Python', 100000, 160000, Null, '2020-12-03T16:35:09+0300', 513, '2020-12-07T07:35:09'),
       (40612924, 3202769, 'Разработчик Python/Django', 90000, 150000, True, '2020-11-24T16:25:24+0300', 677, '2020-12-10T12:25:24'),
       (40522408, 5008758, 'Python developer', Null, Null, Null, '2020-11-27T14:48:38+0300', 218, '2020-12-13T15:48:38'),
       (40592317, 1329104, 'Python (Back-end) Developer', Null, Null, Null, '2020-12-03T03:55:35+0300', 527, '2020-12-14T13:55:35'),
       (40612815, 872178, 'Разработчик Python', Null, Null, Null, '2020-11-24T16:22:16+0300', 873, '2020-12-05T23:22:16'),
       (40590142, 4971086, 'Программист по работе с нейросетями (Python)', 210000, Null, Null, '2020-11-23T18:35:19+0300', 671, '2020-12-13T08:35:19'),
       (40658010, 1035394, 'Программист Python', Null, Null, Null, '2020-11-26T14:20:44+0300', 988, '2020-11-30T10:20:44'),
       (40658063, 1035394, 'Программист Python', Null, Null, Null, '2020-11-26T14:22:36+0300', 665, '2020-12-01T07:22:36'),
       (40626230, 1006416, 'Python разработчик (машинное обучение)', Null, Null, Null, '2020-11-25T11:16:50+0300', 329, '2020-12-13T17:16:50'),
       (40647859, 1149418, 'Junior QA Engineer /Специалист по ручному тестированию', 25000, 35000, Null, '2020-11-26T10:18:07+0300', 342, '2020-12-13T20:18:07'),
       (40590928, 3185191, 'Стажер разработчик Python', 20000, 50000, Null, '2020-11-23T19:49:31+0300', 475, '2020-12-07T07:49:31'),
       (40537734, 20921, 'Web - разработчик (full stack, python, js)', Null, Null, Null, '2020-12-02T09:56:39+0300', 985, '2020-12-15T10:56:39'),
       (40551761, 4651002, 'Программист Python', Null, Null, Null, '2020-12-05T14:03:48+0300', 480, '2020-12-10T12:03:48'),
       (40660469, 123401, 'Data scientist', Null, Null, Null, '2020-11-26T15:34:25+0300', 984, '2020-11-28T06:34:25'),
       (39800323, 20839, 'Junior Python разработчик/Аналитик', Null, Null, Null, '2020-11-27T17:56:35+0300', 32, '2020-12-05T22:56:35'),
       (38999226, 72977, 'Python developer', Null, Null, Null, '2020-11-26T07:06:56+0300', 910, '2020-12-09T04:06:56'),
       (40580961, 2324020, 'Python разработчик', Null, 250000, Null, '2020-11-23T14:01:14+0300', 743, '2020-11-29T23:01:14'),
       (40040707, 1858119, 'Python developer', Null, Null, Null, '2020-11-25T15:38:03+0300', 266, '2020-12-12T21:38:03'),
       (40608121, 603989, 'Разработчик Python', Null, Null, Null, '2020-11-24T14:21:09+0300', 929, '2020-11-26T03:21:09'),
       (40658032, 1035394, 'Программист Python', Null, Null, Null, '2020-11-26T14:21:35+0300', 709, '2020-11-29T21:21:35'),
       (40605016, 93655, 'Программист Python', 120000, 150000, True, '2020-11-24T12:59:33+0300', 409, '2020-11-24T22:59:33'),
       (40200333, 2180, 'Разработчик Python + Go, Финансовые сервисы', Null, Null, Null, '2020-11-24T13:12:14+0300', 971, '2020-12-04T20:12:14'),
       (40420062, 47858, 'Python разработчик', Null, Null, Null, '2020-11-26T14:20:12+0300', 889, '2020-12-01T05:20:12'),
       (40637754, 6189, 'Разработчик Python (Django)', Null, Null, Null, '2020-11-25T16:15:23+0300', 860, '2020-12-04T19:15:23'),
       (40683853, 666194, 'Python Developer (Mogilev)', Null, Null, Null, '2020-11-27T16:22:27+0300', 757, '2020-12-06T15:22:27'),
       (40614686, 3633, 'Веб - разработчик / Python Программист', Null, Null, Null, '2020-11-24T17:20:01+0300', 750, '2020-12-05T18:20:01'),
       (40637751, 6189, 'Разработчик Python (Django)', Null, Null, Null, '2020-11-25T16:15:23+0300', 810, '2020-12-06T22:15:23'),
       (40041361, 656166, 'Разработчик / Инженер-программист (Python)', Null, 200000, Null, '2020-12-03T16:55:34+0300', 249, '2020-12-15T08:55:34'),
       (40332854, 53665, 'Backend разработчик на Python/django (junior)', Null, Null, Null, '2020-11-25T12:23:00+0300', 88, '2020-12-12T20:23:00'),
       (40418921, 607605, 'Backend developer python / Бекенд-разработчик python', Null, Null, Null, '2020-11-26T11:28:22+0300', 380, '2020-12-10T18:28:22'),
       (40637752, 6189, 'Разработчик Python (Django)', Null, Null, Null, '2020-11-25T16:15:23+0300', 604, '2020-12-11T11:15:23'),
       (40551760, 4651002, 'Программист Python', Null, Null, Null, '2020-12-05T14:03:48+0300', 271, '2020-12-13T23:03:48'),
       (40611026, 746783, 'Junior Python developer', Null, Null, Null, '2020-11-24T15:31:38+0300', 307, '2020-11-24T23:31:38'),
       (40634204, 227031, 'Программист Python', Null, 130000, True, '2020-11-25T14:27:57+0300', 259, '2020-12-10T16:27:57'),
       (40640789, 4456441, 'Программист Python (Удаленно)', Null, Null, Null, '2020-11-25T18:16:44+0300', 857, '2020-12-16T10:16:44'),
       (40657930, 1035394, 'Программист Python', Null, Null, Null, '2020-11-26T14:18:55+0300', 72, '2020-12-13T04:18:55'),
       (40608254, 99993, 'Python Developer', Null, Null, Null, '2020-11-24T14:24:45+0300', 44, '2020-12-02T02:24:45'),
       (38946782, 2794209, 'Junior Python Developer', Null, Null, Null, '2020-11-29T20:37:53+0300', 528, '2020-12-05T10:37:53'),
       (40621690, 78961, 'Аналитик (junior data science)', Null, Null, Null, '2020-11-25T09:11:22+0300', 238, '2020-12-10T14:11:22'),
       (40637755, 6189, 'Разработчик Python (Django)', Null, Null, Null, '2020-11-25T16:15:23+0300', 207, '2020-12-04T09:15:23'),
       (39828467, 2180, 'Инженер по тестированию Python, Склад', Null, Null, Null, '2020-11-23T11:57:28+0300', 415, '2020-11-26T21:57:28'),
       (40612499, 5687, 'Разработчик Python 2.7 (3.Х)', Null, Null, Null, '2020-12-03T16:14:06+0300', 634, '2020-12-05T17:14:06'),
       (40537723, 20921, 'Web - разработчик (full stack, python, js)', Null, Null, Null, '2020-12-02T09:56:39+0300', 644, '2020-12-15T11:56:39'),
       (40120242, 6769, 'Python developer (Big Data)', Null, Null, Null, '2020-11-24T15:00:19+0300', 800, '2020-12-14T19:00:19'),
       (40301855, 2068941, 'Python Trading Platform Developer', 120000, 180000, Null, '2020-12-03T16:36:26+0300', 222, '2020-12-06T06:36:26'),
       (40422384, 2488771, 'Backend-разработчик сервисов (Python, Machine Learning)', Null, Null, Null, '2020-11-24T09:01:39+0300', 368, '2020-12-14T10:01:39'),
       (40616500, 4132939, 'Fullstack Python / JavaScript Developer', 120000, 160000, Null, '2020-11-24T18:54:23+0300', 768, '2020-12-01T01:54:23'),
       (39208209, 1883675, 'Senior Machine Learning Engineer', 3000, 5500, Null, '2020-11-24T10:18:28+0300', 281, '2020-12-03T10:18:28'),
       (37913284, 4327016, 'Python Developer', Null, Null, Null, '2020-11-23T17:44:03+0300', 522, '2020-11-30T16:44:03'),
       (40637753, 6189, 'Разработчик Python (Django)', Null, Null, Null, '2020-11-25T16:15:23+0300', 700, '2020-11-27T20:15:23'),
       (40580258, 4454620, 'Junior Python Developer', Null, Null, Null, '2020-11-23T13:40:25+0300', 279, '2020-12-09T17:40:25'),
       (40198550, 22494, 'Разработчик Python', Null, Null, Null, '2020-11-24T09:39:27+0300', 867, '2020-12-05T05:39:27'),
       (40537727, 20921, 'Web - разработчик (full stack, python, js)', Null, Null, Null, '2020-12-02T09:56:39+0300', 998, '2020-12-08T06:56:39'),
       (40605132, 48090, 'Data engineer / Python developer', 100000, 150000, True, '2020-11-24T13:03:19+0300', 213, '2020-11-29T10:03:19'),
       (40377067, 3159793, 'Преподаватель Python', 9600, 96000, True, '2020-12-03T14:16:57+0300', 817, '2020-12-20T00:16:57'),
       (39956781, 824009, 'Python Team Lead', Null, Null, Null, '2020-11-27T15:00:32+0300', 820, '2020-11-29T16:00:32'),
       (40042948, 1504670, 'Python разработчик', Null, Null, Null, '2020-11-25T15:40:54+0300', 86, '2020-12-11T10:40:54'),
       (37700368, 3776, 'Python разработчик (Big Data)', Null, Null, Null, '2020-11-23T10:43:15+0300', 831, '2020-12-01T03:43:15'),
       (40136781, 4680, 'Web-разработчик (Python)', Null, Null, Null, '2020-11-27T11:28:17+0300', 270, '2020-12-16T10:28:17'),
       (40373005, 1740, 'Code reviewer (Python)', Null, Null, Null, '2020-11-25T12:21:37+0300', 984, '2020-12-07T16:21:37'),
       (40384889, 1111058, 'Python Developer', Null, Null, Null, '2020-11-23T18:54:10+0300', 671, '2020-12-09T16:54:10'),
       (39875431, 2032205, 'Python разработчик', Null, Null, Null, '2020-11-23T20:19:40+0300', 525, '2020-11-24T17:19:40'),
       (40537708, 20921, 'Web - разработчик (full stack, python, js)', Null, Null, Null, '2020-12-02T09:56:38+0300', 310, '2020-12-07T23:56:38'),
       (39307100, 2863076, 'Python Developer (ETL/ELT, DaaS)', Null, Null, Null, '2020-11-24T14:55:57+0300', 91, '2020-11-28T11:55:57'),
       (40580234, 843296, 'Разработчик PowerBI ( удаленная работа)', Null, Null, Null, '2020-11-23T13:39:27+0300', 332, '2020-12-06T16:39:27'),
       (40613971, 174, 'Инженер-программист Python', Null, Null, Null, '2020-11-24T16:59:40+0300', 91, '2020-12-12T11:59:40'),
       (39108722, 22494, 'Разработчик Python (Data Science)', Null, Null, Null, '2020-11-24T09:39:22+0300', 689, '2020-12-15T01:39:22'),
       (40585831, 1007537, 'Python developer', Null, Null, Null, '2020-11-23T16:14:11+0300', 126, '2020-11-26T01:14:11'),
       (40611008, 5037287, 'Программист-стажер', Null, Null, Null, '2020-11-24T15:31:05+0300', 593, '2020-12-13T12:31:05'),
       (40073954, 3778, 'Разработчик python', Null, Null, Null, '2020-11-23T12:11:21+0300', 655, '2020-11-30T00:11:21'),
       (40687051, 5069324, 'Стажер web-разработчик', 15000, 20000, Null, '2020-11-27T20:23:16+0300', 417, '2020-11-30T05:23:16'),
       (40543593, 67611, 'Программист Python', 85000, 135000, True, '2020-11-20T09:55:29+0300', 19, '2020-11-28T02:55:29'),
       (40002304, 823709, 'Программист-аналитик (Python)', Null, Null, Null, '2020-11-22T13:38:50+0300', 357, '2020-12-12T14:38:50'),
       (40565189, 19989, 'Python Developer', Null, Null, Null, '2020-11-23T04:35:10+0300', 410, '2020-11-23T20:35:10'),
       (40673824, 1308323, 'Backend developer (Python/Go)', Null, Null, Null, '2020-11-27T11:01:02+0300', 462, '2020-12-04T11:01:02'),
       (40598015, 1858119, 'Senior Python developer', Null, Null, Null, '2020-11-24T10:19:24+0300', 83, '2020-12-03T03:19:24'),
       (38705084, 8884, 'Младший Python разработчик / Junior Python Developer (Back-end)', Null, Null, Null, '2020-11-19T13:56:06+0300', 780, '2020-11-28T18:56:06'),
       (40550738, 3202769, 'Ведущий программист Python/Django', 130000, 200000, True, '2020-11-20T13:30:28+0300', 730, '2020-11-20T14:30:28'),
       (40591350, 3185191, 'Backend разработчик Python', 70000, 120000, Null, '2020-11-23T20:45:53+0300', 372, '2020-12-07T06:45:53'),
       (39307004, 2863076, 'Python Developer (DM & AdHoc)', Null, Null, Null, '2020-11-24T14:55:50+0300', 63, '2020-12-03T22:55:50'),
       (40600911, 4650979, 'Разработчик Python / Java', 300, Null, Null, '2020-11-24T11:23:32+0300', 384, '2020-12-04T00:23:32'),
       (40562277, 2523715, 'Junior Python Developer', 25000, 50000, Null, '2020-11-21T20:23:41+0300', 393, '2020-11-24T05:23:41'),
       (40578850, 103944, 'Программист-разработчик Python', Null, Null, Null, '2020-11-23T13:06:31+0300', 749, '2020-12-04T11:06:31'),
       (40121940, 39305, 'Fullstack разработчик (Python/Django, Flask) [59501]', Null, Null, Null, '2020-11-25T13:14:08+0300', 43, '2020-12-05T09:14:08'),
       (37902170, 1833, 'Python разработчик', Null, 130000, Null, '2020-11-20T12:32:35+0300', 585, '2020-12-03T04:32:35'),
       (40502228, 3076831, 'Разработчик Python / CV', 100000, 130000, Null, '2020-11-18T15:01:04+0300', 649, '2020-11-24T02:01:04'),
       (38721740, 1007833, 'Web-разработчик Django, Python', 60000, 80000, True, '2020-11-23T10:11:32+0300', 984, '2020-12-13T20:11:32'),
       (39705484, 37623, 'Программист Python', Null, Null, Null, '2020-11-20T17:39:51+0300', 37, '2020-12-04T20:39:51'),
       (37680105, 618292, 'Программист Python', Null, Null, Null, '2020-11-23T09:21:11+0300', 195, '2020-12-06T19:21:11'),
       (40013558, 114448, 'Python Developer (Python программист)', Null, Null, Null, '2020-11-20T14:53:56+0300', 392, '2020-11-29T03:53:56'),
       (40013560, 114448, 'Python Developer (Python программист)', Null, Null, Null, '2020-11-20T14:53:51+0300', 434, '2020-12-06T11:53:51'),
       (39705485, 37623, 'Программист Python', Null, Null, Null, '2020-11-20T17:39:51+0300', 147, '2020-12-10T06:39:51'),
       (40550175, 571482, 'Junior Python - разработчик', Null, Null, Null, '2020-11-20T13:10:14+0300', 701, '2020-12-10T09:10:14'),
       (40509924, 567065, 'Разработчик Python на удалёнку', 120000, Null, True, '2020-11-19T02:00:48+0300', 963, '2020-11-25T21:00:48'),
       (40013570, 114448, 'Python Developer (Python программист)', Null, Null, Null, '2020-11-20T14:53:49+0300', 62, '2020-11-29T01:53:49'),
       (40509922, 567065, 'Разработчик Python на удалёнку', 120000, Null, True, '2020-11-19T02:00:48+0300', 283, '2020-12-02T07:00:48'),
       (40704117, 2657797, 'Преподаватель кружка программирования (Python)', Null, Null, Null, '2020-12-04T10:34:46+0300', 630, '2020-12-21T22:34:46'),
       (40013569, 114448, 'Python Developer (Python-программист)', Null, Null, Null, '2020-11-20T14:53:44+0300', 542, '2020-11-23T05:53:44'),
       (40579452, 26624, 'Backend - разработчик (Python)', Null, Null, Null, '2020-11-23T13:19:04+0300', 171, '2020-12-08T17:19:04'),
       (40013568, 114448, 'Python Developer (Python программист)', Null, Null, Null, '2020-11-20T14:53:42+0300', 111, '2020-12-04T11:53:42'),
       (40579455, 26624, 'Backend - разработчик (Python)', Null, Null, Null, '2020-11-23T13:19:04+0300', 337, '2020-12-03T19:19:04'),
       (40013554, 114448, 'Python Developer (Python программист)', Null, Null, Null, '2020-11-20T14:54:03+0300', 245, '2020-11-29T04:54:03'),
       (40013567, 114448, 'Python Developer (Python программист)', Null, Null, Null, '2020-11-20T14:53:40+0300', 957, '2020-12-09T05:53:40'),
       (40013556, 114448, 'Python Developer (Python программист)', Null, Null, Null, '2020-11-20T14:54:00+0300', 622, '2020-12-02T02:54:00'),
       (40013566, 114448, 'Python Developer (Python программист)', Null, Null, Null, '2020-11-20T14:53:37+0300', 21, '2020-11-29T17:53:37'),
       (40579453, 26624, 'Backend - разработчик (Python)', Null, Null, Null, '2020-11-23T13:19:04+0300', 886, '2020-12-13T18:19:04'),
       (39013712, 1904, 'Программист BackEnd (Python)', 150000, 200000, True, '2020-11-20T13:55:49+0300', 378, '2020-11-27T07:55:49'),
       (40099456, 3523772, 'Backend разработчик Python (удаленная работа)', Null, Null, Null, '2020-11-20T21:45:30+0300', 436, '2020-11-26T05:45:30'),
       (40090939, 3523772, 'Backend разработчик Python, Django (удаленно)', Null, Null, Null, '2020-11-20T21:45:51+0300', 768, '2020-12-03T14:45:51'),
       (40509919, 567065, 'Разработчик Python на удалёнку', 120000, Null, True, '2020-11-19T01:58:47+0300', 6, '2020-12-07T22:58:47'),
       (40013559, 114448, 'Python Developer (Python программист)', Null, Null, Null, '2020-11-20T14:53:54+0300', 870, '2020-11-27T00:53:54'),
       (40553555, 1726344, 'Middle back-end разработчик (Python)', 60000, 90000, Null, '2020-11-20T14:57:20+0300', 709, '2020-12-09T00:57:20'),
       (40509926, 567065, 'Разработчик Python на удалёнку', 120000, Null, True, '2020-11-19T02:00:48+0300', 45, '2020-12-06T06:00:48'),
       (40013565, 114448, 'Python Developer (Python программист)', Null, Null, Null, '2020-11-20T14:53:34+0300', 597, '2020-11-27T12:53:34'),
       (40509923, 567065, 'Разработчик Python на удалёнку', 120000, Null, True, '2020-11-19T02:00:48+0300', 178, '2020-11-24T21:00:48'),
       (40502418, 3076831, 'Разработчик Python / CV', 40000, 60000, Null, '2020-11-18T15:07:37+0300', 164, '2020-11-25T03:07:37'),
       (39946619, 2866, 'Инженер по автоматизированному тестированию (Python+Selenium)', 150000, 220000, Null, '2020-11-18T11:26:10+0300', 81, '2020-11-19T21:26:10'),
       (39946618, 2866, 'Инженер по автоматизированному тестированию (Python+Selenium)', 150000, 220000, Null, '2020-11-18T11:26:06+0300', 327, '2020-11-22T20:26:06'),
       (40509917, 567065, 'Разработчик Python на удалёнку', 120000, Null, True, '2020-11-19T01:56:21+0300', 420, '2020-11-24T13:56:21'),
       (38368836, 15478, 'Senior Python-разработчик в Марусю', Null, Null, Null, '2020-11-23T12:21:39+0300', 297, '2020-12-05T16:21:39'),
       (40509925, 567065, 'Разработчик Python на удалёнку', 120000, Null, True, '2020-11-19T02:00:48+0300', 71, '2020-12-02T07:00:48'),
       (39892371, 1121008, 'Python Developer', 2000, 3000, Null, '2020-11-18T12:38:55+0300', 789, '2020-12-01T19:38:55'),
       (40579454, 26624, 'Backend - разработчик (Python)', Null, Null, Null, '2020-11-23T13:19:04+0300', 982, '2020-12-04T12:19:04'),
       (40501604, 2967250, 'Разработчик Python', Null, Null, Null, '2020-11-18T14:47:47+0300', 558, '2020-11-18T15:47:47'),
       (40484257, 3244995, 'Python developer', Null, Null, Null, '2020-11-17T21:37:34+0300', 697, '2020-11-29T10:37:34'),
       (40679289, 1621201, 'Backend разработчик', Null, Null, Null, '2020-11-27T13:49:24+0300', 569, '2020-12-09T12:49:24'),
       (40478049, 88109, 'Программист Python', 40000, 70000, True, '2020-11-17T15:50:27+0300', 320, '2020-12-03T18:50:27'),
       (40526687, 1685100, 'Программист Python', Null, 200000, Null, '2020-11-19T13:38:56+0300', 925, '2020-11-19T14:38:56'),
       (40589024, 739556, 'Программист Python', 40000, 80000, Null, '2020-11-23T17:54:05+0300', 27, '2020-12-08T11:54:05'),
       (40543747, 3144945, 'Разработчик Python', Null, Null, Null, '2020-11-20T10:01:12+0300', 735, '2020-12-01T20:01:12'),
       (40538615, 1504670, 'Python разработчик', Null, Null, Null, '2020-11-19T19:30:49+0300', 458, '2020-11-21T13:30:49'),
       (40560388, 4803898, 'Программист Python/JavaScript', 250000, Null, Null, '2020-11-21T09:01:57+0300', 680, '2020-11-29T18:01:57'),
       (39377672, 3442638, 'Программист Python', 80000, 120000, Null, '2020-11-16T09:13:51+0300', 62, '2020-12-05T02:13:51'),
       (40538613, 1504670, 'Python разработчик', Null, Null, Null, '2020-11-19T19:30:49+0300', 411, '2020-11-20T11:30:49'),
       (40538616, 1504670, 'Python разработчик', Null, Null, Null, '2020-11-19T19:30:49+0300', 226, '2020-12-01T23:30:49'),
       (40538611, 1504670, 'Python разработчик', Null, Null, Null, '2020-11-19T19:30:49+0300', 754, '2020-11-20T01:30:49'),
       (40483243, 26624, 'Программист Python', Null, Null, Null, '2020-11-17T19:14:32+0300', 259, '2020-11-25T01:14:32'),
       (40557117, 3089830, 'Python разработчик', Null, Null, Null, '2020-11-20T17:02:37+0300', 789, '2020-12-06T07:02:37'),
       (38792841, 67611, 'Программист Python', 75000, 120000, True, '2020-11-17T13:35:21+0300', 510, '2020-11-20T22:35:21'),
       (40421007, 2054885, 'Data Science', 400000, 600000, True, '2020-11-16T10:04:57+0300', 439, '2020-11-16T11:04:57'),
       (40525027, 219425, 'Программист Python(Django)', Null, Null, Null, '2020-11-19T12:56:30+0300', 470, '2020-11-20T09:56:30'),
       (38851424, 2811169, 'Python Developer', Null, Null, Null, '2020-11-19T11:42:01+0300', 55, '2020-12-02T10:42:01'),
       (40480659, 4569602, 'Python Программист', 60000, 140000, True, '2020-11-17T17:13:31+0300', 464, '2020-11-24T03:13:31'),
       (38380270, 636653, 'Python/Django developer', 100000, 180000, Null, '2020-11-15T20:44:23+0300', 624, '2020-11-23T23:44:23'),
       (40538612, 1504670, 'Python разработчик', Null, Null, Null, '2020-11-19T19:30:49+0300', 633, '2020-11-30T02:30:49'),
       (40610447, 4470289, 'Junior Python full-stack разработчик', Null, Null, Null, '2020-11-24T15:16:01+0300', 797, '2020-12-13T08:16:01'),
       (40520334, 972961, 'Ведущий программист Python', Null, Null, Null, '2020-11-19T10:54:57+0300', 44, '2020-12-08T19:54:57'),
       (39978005, 2932179, 'Python / C++ Developer (Robotics, AI)', Null, Null, Null, '2020-11-17T18:38:33+0300', 805, '2020-12-01T06:38:33'),
       (40345787, 53665, 'Web-программист (Python, Django)', Null, Null, Null, '2020-11-25T12:23:00+0300', 170, '2020-12-13T18:23:00'),
       (40506644, 47858, 'Разработчик (Python)', Null, Null, Null, '2020-11-18T17:22:20+0300', 575, '2020-11-24T14:22:20'),
       (40473949, 23040, 'Разработчик Python/SQL', Null, Null, Null, '2020-11-17T14:06:28+0300', 563, '2020-12-01T19:06:28'),
       (40504877, 2628219, 'Junior full-stack разработчик', Null, Null, Null, '2020-11-18T16:27:24+0300', 126, '2020-12-04T07:27:24'),
       (40421593, 49357, 'Разработчик Python', Null, Null, Null, '2020-11-16T10:16:05+0300', 936, '2020-12-05T06:16:05'),
       (40538614, 1504670, 'Python разработчик', Null, Null, Null, '2020-11-19T19:30:49+0300', 487, '2020-12-05T21:30:49'),
       (40538617, 1504670, 'Python разработчик', Null, Null, Null, '2020-11-19T19:30:49+0300', 528, '2020-11-28T21:30:49'),
       (40544216, 4766196, 'Python Developer', Null, 2500, Null, '2020-11-20T10:18:23+0300', 508, '2020-12-05T23:18:23'),
       (40538840, 1587, 'Backend разработчик python', Null, Null, Null, '2020-11-19T19:54:09+0300', 976, '2020-11-24T15:54:09'),
       (39561130, 1496, 'Data Scientist', Null, Null, Null, '2020-11-16T18:10:50+0300', 275, '2020-11-25T10:10:50'),
       (39866534, 67611, 'Программист Python', 85000, 135000, True, '2020-11-13T10:16:19+0300', 586, '2020-11-23T11:16:19'),
       (40500351, 49357, 'Ведущий Python-разработчик', Null, Null, Null, '2020-11-18T14:14:22+0300', 881, '2020-12-08T18:14:22'),
       (40460069, 56119, 'Python-разработчик', Null, Null, Null, '2020-11-17T10:22:46+0300', 451, '2020-12-07T00:22:46'),
       (39965356, 1449896, 'Младший разработчик Python / программист', 40000, Null, Null, '2020-11-20T19:37:06+0300', 707, '2020-12-09T20:37:06'),
       (40603233, 4533843, 'Middle+/Senior Python Developer', 2000, 6000, Null, '2020-11-24T12:13:52+0300', 105, '2020-12-13T17:13:52'),
       (40425010, 5040920, 'Senior Data Scientist', 150000, Null, Null, '2020-11-16T11:28:44+0300', 368, '2020-12-01T14:28:44'),
       (1,142683, 'Стажер - Python-разработчик (Django, DRF)', 50000, 90000, Null, '2020-12-03T19:05:36+0300', 630, '2020-12-09T11:05:36'),
       (2,142683, 'Junior backend разработчик (Python)', 50000, Null, Null, '2020-12-03T11:16:38+0300', 876, '2020-12-20T09:16:38'),
       (3,142683, 'Стажер программиста Python', Null, Null, Null, '2020-12-05T17:07:44+0300', 520, '2020-12-24T05:07:44'),
       (4,142683, 'Программист Python', 120000, 170000, True, '2020-12-04T16:12:12+0300', 585, '2020-12-23T07:12:12'),
       (5,142683, 'Junior Backend Developer (Python)', Null, Null, Null, '2020-12-03T20:37:25+0300', 921, '2020-12-22T06:37:25'),
       (6,142683, 'Разработчик на Python', 50000, Null, Null, '2020-12-05T11:21:59+0300', 202, '2020-12-12T20:21:59'),
       (7,142683, 'Python разработчик ( antifraud )', 240000, 300000, True, '2020-12-04T11:59:45+0300', 512, '2020-12-20T21:59:45');
INSERT INTO homework.applicant
VALUES (0, 'James_K._Polk_Rutherford_B._Hayes', 1),
       (1, 'Grover_Cleveland_Millard_Fillmore', 2),
       (2, 'Lyndon_B._Johnson_Andrew_Jackson', 160),
       (3, 'Richard_Nixon_Franklin_D._Roosevelt', 1),
       (4, 'Thomas_Jefferson_John_F._Kennedy', 1),
       (5, 'James_A._Garfield_Richard_Nixon', 1),
       (6, 'George_W._Bush_James_Buchanan', 1),
       (7, 'James_Monroe_Grover_Cleveland', 88),
       (8, 'Millard_Fillmore_Ronald_Reagan', 236),
       (9, 'George_H._W._Bush_Lyndon_B._Johnson', 1),
       (10, 'Barack_Obama_William_Howard_Taft', 2),
       (11, 'Andrew_Johnson_Martin_Van_Buren', 3),
       (12, 'Warren_G._Harding_Calvin_Coolidge', 1),
       (13, 'Calvin_Coolidge_Zachary_Taylor', 2),
       (14, 'Lyndon_B._Johnson_Herbert_Hoover', 1002),
       (15, 'James_Buchanan_Harry_S._Truman', 4),
       (16, 'Chester_A._Arthur_Thomas_Jefferson', 1),
       (17, 'Gerald_Ford_Jimmy_Carter', 66),
       (18, 'Martin_Van_Buren_George_Washington', 1),
       (19, 'Harry_S._Truman_William_Howard_Taft', 1002),
       (20, 'William_McKinley_Martin_Van_Buren', 1),
       (21, 'Barack_Obama_Dwight_D._Eisenhower', 1),
       (22, 'James_A._Garfield_Zachary_Taylor', 1),
       (23, 'Harry_S._Truman_James_Monroe', 85),
       (24, 'Andrew_Johnson_Woodrow_Wilson', 2),
       (25, 'Calvin_Coolidge_James_A._Garfield', 2),
       (26, 'Ronald_Reagan_Harry_S._Truman', 3),
       (27, 'George_Washington_James_Madison', 1002),
       (28, 'Franklin_D._Roosevelt_Benjamin_Harrison', 88),
       (29, 'John_Quincy_Adams_Thomas_Jefferson', 1),
       (30, 'James_Madison_Dwight_D._Eisenhower', 1),
       (31, 'Andrew_Jackson_Chester_A._Arthur', 1),
       (32, 'Martin_Van_Buren_Grover_Cleveland', 1),
       (33, 'George_W._Bush_William_McKinley', 1),
       (34, 'Millard_Fillmore_Grover_Cleveland', 160),
       (35, 'John_F._Kennedy_Franklin_Pierce', 2),
       (36, 'John_Adams_Theodore_Roosevelt', 1),
       (37, 'Warren_G._Harding_James_Buchanan', 76),
       (38, 'Theodore_Roosevelt_Jimmy_Carter', 1),
       (39, 'Herbert_Hoover_Franklin_D._Roosevelt', 1),
       (40, 'Theodore_Roosevelt_Andrew_Jackson', 1),
       (41, 'William_Howard_Taft_Theodore_Roosevelt', 2),
       (42, 'James_Madison_John_Quincy_Adams', 1),
       (43, 'Zachary_Taylor_William_McKinley', 1),
       (44, 'James_A._Garfield_Gerald_Ford', 3),
       (45, 'Andrew_Johnson_Richard_Nixon', 1),
       (46, 'Franklin_Pierce_Zachary_Taylor', 1),
       (47, 'Grover_Cleveland_James_A._Garfield', 1),
       (48, 'Herbert_Hoover_Jimmy_Carter', 1),
       (49, 'William_Howard_Taft_John_F._Kennedy', 1),
       (50, 'James_Madison_Millard_Fillmore', 1),
       (51, 'Theodore_Roosevelt_Warren_G._Harding', 1),
       (52, 'Rutherford_B._Hayes_James_Madison', 2),
       (53, 'Franklin_Pierce_Andrew_Jackson', 4610),
       (54, 'John_F._Kennedy_William_Howard_Taft', 1),
       (55, 'Lyndon_B._Johnson_George_Washington', 2760),
       (56, 'Lyndon_B._Johnson_James_K._Polk', 1),
       (57, 'James_K._Polk_George_Washington', 2),
       (58, 'Jimmy_Carter_William_McKinley', 1),
       (59, 'James_Buchanan_John_Tyler', 1),
       (60, 'John_Quincy_Adams_Zachary_Taylor', 1),
       (61, 'Abraham_Lincoln_Barack_Obama', 212),
       (62, 'James_Buchanan_Grover_Cleveland', 53),
       (63, 'William_Howard_Taft_Warren_G._Harding', 1),
       (64, 'William_Henry_Harrison_Jimmy_Carter', 1),
       (65, 'Ulysses_S._Grant_Calvin_Coolidge', 115),
       (66, 'Richard_Nixon_James_Buchanan', 1),
       (67, 'John_Tyler_George_Washington', 1),
       (68, 'Grover_Cleveland_George_W._Bush', 1),
       (69, 'Harry_S._Truman_Jimmy_Carter', 1002),
       (70, 'Benjamin_Harrison_James_K._Polk', 1),
       (71, 'Millard_Fillmore_Woodrow_Wilson', 2),
       (72, 'Warren_G._Harding_Rutherford_B._Hayes', 160),
       (73, 'John_Tyler_Harry_S._Truman', 1),
       (74, 'Andrew_Johnson_John_F._Kennedy', 1),
       (75, 'George_W._Bush_Abraham_Lincoln', 2),
       (76, 'Richard_Nixon_Thomas_Jefferson', 2086),
       (77, 'John_Adams_Herbert_Hoover', 1),
       (78, 'Chester_A._Arthur_William_Howard_Taft', 115),
       (79, 'James_Madison_Herbert_Hoover', 160),
       (80, 'John_F._Kennedy_Calvin_Coolidge', 71),
       (81, 'George_W._Bush_James_K._Polk', 1),
       (82, 'Calvin_Coolidge_Benjamin_Harrison', 2),
       (83, 'Zachary_Taylor_James_Madison', 1),
       (84, 'Grover_Cleveland_Thomas_Jefferson', 160),
       (85, 'Franklin_Pierce_Thomas_Jefferson', 25),
       (86, 'George_W._Bush_James_Monroe', 1),
       (87, 'Dwight_D._Eisenhower_Bill_Clinton', 2),
       (88, 'James_Buchanan_Theodore_Roosevelt', 95),
       (89, 'Zachary_Taylor_Warren_G._Harding', 90),
       (90, 'Gerald_Ford_Benjamin_Harrison', 88),
       (91, 'James_Monroe_Gerald_Ford', 160),
       (92, 'Warren_G._Harding_Ronald_Reagan', 2),
       (93, 'Zachary_Taylor_John_Tyler', 1),
       (94, 'Chester_A._Arthur_William_Henry_Harrison', 1),
       (95, 'Thomas_Jefferson_George_W._Bush', 88),
       (96, 'Grover_Cleveland_Martin_Van_Buren', 1),
       (97, 'Ulysses_S._Grant_George_Washington', 1),
       (98, 'William_Henry_Harrison_Rutherford_B._Hayes', 1),
       (99, 'Calvin_Coolidge_James_Madison', 2),
       (100, 'Theodore_Roosevelt_Chester_A._Arthur', 1),
       (101, 'Dwight_D._Eisenhower_Grover_Cleveland', 53),
       (102, 'John_Adams_Ronald_Reagan', 1002),
       (103, 'John_Tyler_John_Quincy_Adams', 1),
       (104, 'Chester_A._Arthur_George_H._W._Bush', 3),
       (105, 'Calvin_Coolidge_Franklin_Pierce', 66),
       (106, 'Gerald_Ford_John_F._Kennedy', 1),
       (107, 'Ulysses_S._Grant_Calvin_Coolidge', 1),
       (108, 'George_Washington_Barack_Obama', 115),
       (109, 'Richard_Nixon_Grover_Cleveland', 1002),
       (110, 'Thomas_Jefferson_Ulysses_S._Grant', 104),
       (111, 'John_F._Kennedy_Harry_S._Truman', 76),
       (112, 'James_Madison_Millard_Fillmore', 1),
       (113, 'George_H._W._Bush_Bill_Clinton', 78),
       (114, 'John_Adams_Martin_Van_Buren', 1),
       (115, 'Grover_Cleveland_William_Henry_Harrison', 2),
       (116, 'Lyndon_B._Johnson_Harry_S._Truman', 1),
       (117, 'Martin_Van_Buren_Grover_Cleveland', 1),
       (118, 'Theodore_Roosevelt_James_Monroe', 1),
       (119, 'William_McKinley_Chester_A._Arthur', 1),
       (120, 'James_K._Polk_Jimmy_Carter', 1),
       (121, 'Grover_Cleveland_Rutherford_B._Hayes', 1),
       (122, 'John_Tyler_William_McKinley', 3),
       (123, 'Barack_Obama_Grover_Cleveland', 2),
       (124, 'Bill_Clinton_Ronald_Reagan', 14),
       (125, 'William_McKinley_Woodrow_Wilson', 2),
       (126, 'Millard_Fillmore_James_A._Garfield', 1),
       (127, 'Andrew_Jackson_Lyndon_B._Johnson', 1),
       (128, 'George_W._Bush_Herbert_Hoover', 41),
       (129, 'James_K._Polk_John_F._Kennedy', 1),
       (130, 'Herbert_Hoover_George_W._Bush', 115),
       (131, 'Grover_Cleveland_Franklin_D._Roosevelt', 115),
       (132, 'Rutherford_B._Hayes_Zachary_Taylor', 115),
       (133, 'Herbert_Hoover_George_W._Bush', 2),
       (134, 'Ronald_Reagan_Lyndon_B._Johnson', 1),
       (135, 'Gerald_Ford_John_Tyler', 1),
       (136, 'Grover_Cleveland_James_Buchanan', 1002),
       (137, 'Woodrow_Wilson_Lyndon_B._Johnson', 71),
       (138, 'Chester_A._Arthur_Thomas_Jefferson', 1),
       (139, 'Calvin_Coolidge_Abraham_Lincoln', 1002),
       (140, 'Rutherford_B._Hayes_Grover_Cleveland', 2),
       (141, 'Calvin_Coolidge_Zachary_Taylor', 1),
       (142, 'Theodore_Roosevelt_Richard_Nixon', 1),
       (143, 'Thomas_Jefferson_Rutherford_B._Hayes', 1),
       (144, 'Millard_Fillmore_William_Howard_Taft', 2),
       (145, 'John_Adams_Jimmy_Carter', 1),
       (146, 'Ronald_Reagan_Dwight_D._Eisenhower', 2),
       (147, 'Zachary_Taylor_Woodrow_Wilson', 1),
       (148, 'Grover_Cleveland_Bill_Clinton', 160),
       (149, 'Barack_Obama_Ulysses_S._Grant', 2),
       (150, 'James_Madison_Benjamin_Harrison', 1),
       (151, 'James_K._Polk_Herbert_Hoover', 1),
       (152, 'Grover_Cleveland_Grover_Cleveland', 1),
       (153, 'Calvin_Coolidge_Dwight_D._Eisenhower', 1),
       (154, 'John_Adams_Gerald_Ford', 1002),
       (155, 'Warren_G._Harding_James_Monroe', 95),
       (156, 'Franklin_D._Roosevelt_John_F._Kennedy', 1),
       (157, 'Warren_G._Harding_James_Buchanan', 2),
       (158, 'William_McKinley_Rutherford_B._Hayes', 1),
       (159, 'George_Washington_Franklin_D._Roosevelt', 1),
       (160, 'Theodore_Roosevelt_Harry_S._Truman', 1),
       (161, 'William_Howard_Taft_Lyndon_B._Johnson', 96),
       (162, 'John_Adams_Jimmy_Carter', 2760),
       (163, 'Theodore_Roosevelt_James_A._Garfield', 1),
       (164, 'Chester_A._Arthur_James_A._Garfield', 2),
       (165, 'Andrew_Jackson_Andrew_Johnson', 1),
       (166, 'Herbert_Hoover_Theodore_Roosevelt', 1),
       (167, 'Benjamin_Harrison_Zachary_Taylor', 1),
       (168, 'Bill_Clinton_John_Adams', 2),
       (169, 'James_Buchanan_Franklin_Pierce', 1),
       (170, 'Richard_Nixon_John_Adams', 2),
       (171, 'Chester_A._Arthur_Warren_G._Harding', 1002),
       (172, 'Lyndon_B._Johnson_Richard_Nixon', 90),
       (173, 'Theodore_Roosevelt_Richard_Nixon', 77),
       (174, 'Jimmy_Carter_Martin_Van_Buren', 2),
       (175, 'James_Monroe_Harry_S._Truman', 77),
       (176, 'Abraham_Lincoln_James_K._Polk', 1),
       (177, 'Ronald_Reagan_Zachary_Taylor', 99),
       (178, 'Rutherford_B._Hayes_Harry_S._Truman', 88),
       (179, 'William_McKinley_John_F._Kennedy', 4),
       (180, 'William_Howard_Taft_Ronald_Reagan', 1),
       (181, 'James_Madison_Andrew_Johnson', 1002),
       (182, 'Rutherford_B._Hayes_Lyndon_B._Johnson', 4),
       (183, 'Theodore_Roosevelt_Zachary_Taylor', 1),
       (184, 'Rutherford_B._Hayes_Woodrow_Wilson', 1),
       (185, 'Herbert_Hoover_Martin_Van_Buren', 2),
       (186, 'James_A._Garfield_Andrew_Johnson', 1002),
       (187, 'James_Madison_Dwight_D._Eisenhower', 2077),
       (188, 'Woodrow_Wilson_William_Howard_Taft', 4),
       (189, 'Martin_Van_Buren_Ronald_Reagan', 53),
       (190, 'James_Monroe_Martin_Van_Buren', 79),
       (191, 'Franklin_Pierce_Andrew_Jackson', 1),
       (192, 'Richard_Nixon_William_McKinley', 90),
       (193, 'Woodrow_Wilson_Grover_Cleveland', 1),
       (194, 'Franklin_Pierce_Abraham_Lincoln', 90),
       (195, 'George_W._Bush_John_Quincy_Adams', 1),
       (196, 'James_Monroe_William_McKinley', 1),
       (197, 'Franklin_D._Roosevelt_Abraham_Lincoln', 1),
       (198, 'Andrew_Jackson_Benjamin_Harrison', 1),
       (199, 'William_Howard_Taft_Benjamin_Harrison', 1);
INSERT INTO homework.resume
VALUES (0, 199, 'Стажер - Python-разработчик (Django, DRF)'),
       (1, 198, 'Junior backend разработчик (Python)'),
       (2, 197, 'Стажер программиста Python'),
       (3, 196, 'Программист Python'),
       (4, 195, 'Junior Backend Developer (Python)'),
       (5, 194, 'Разработчик на Python'),
       (6, 193, 'Python разработчик ( antifraud )'),
       (7, 192, 'Python разработчик'),
       (8, 191, 'Middle QA Automation Engineer (Python)'),
       (9, 190, 'Python-Разработчик (удаленно)'),
       (10, 189, 'Python-разработчик'),
       (11, 188, 'Lead разработчик (Python + Django)'),
       (12, 187, 'Программист Python'),
       (13, 186, 'Разработчик Python / Программист Python'),
       (14, 185, 'Junior Python Developer (Trainee/Students Lab)'),
       (15, 184, 'Разработчик Python'),
       (16, 183, 'Python-разработчик (Django, DRF)'),
       (17, 182, 'Python-разработчик'),
       (18, 181, 'Senior Backend developer (Python)'),
       (19, 180, 'Python Developer'),
       (20, 179, 'Senior Python-разработчик'),
       (21, 178, 'Backend python/Django разработчик'),
       (22, 177, 'Backend Developer (Python/Flask)'),
       (23, 176, 'Программист - Разработчик среднего уровеня Python / Django'),
       (24, 175, 'Python Developer'),
       (25, 174, 'Data analyst (Python\R)'),
       (26, 173, 'Разработчик Python'),
       (27, 172, 'Python developer'),
       (28, 171, 'Junior Data Scientist'),
       (29, 170, 'Python Backend разработчик'),
       (30, 169, 'Программист Python'),
       (31, 168, 'Senior Python Developer'),
       (32, 167, 'Data Scientist'),
       (33, 166, 'Стажер data scientist'),
       (34, 165, 'Python Developer'),
       (35, 164, 'Python-разработчик'),
       (36, 163, 'Python Developer'),
       (37, 162, 'Программист Python'),
       (38, 161, 'Junior Python developer \ разработчик'),
       (39, 160, 'Python Web Developer'),
       (40, 159, 'Python разработчик'),
       (41, 158, 'Senior Python Developer'),
       (42, 157, 'Старший разработчик Python'),
       (43, 156, 'Аналитик Data Scientist'),
       (44, 155, 'Python Developer'),
       (45, 154, 'Разработчик C++/Python'),
       (46, 153, 'Backend Developer Python'),
       (47, 152, 'Senior Python разработчик'),
       (48, 151, 'Senior Python developer'),
       (49, 150, 'Разработчик на Python (Full stack)'),
       (50, 149, 'Разработчик Python'),
       (51, 148, 'Data Scientist (удаленно)'),
       (52, 147, 'Middle разработчик Python / Django (удалённо)'),
       (53, 146, 'Программист Python'),
       (54, 145, 'Python Backend Developer / WEB - разработчик'),
       (55, 144, 'Middle Python Developer (удаленная работа)'),
       (56, 143, 'Backend Python Developer'),
       (57, 142, 'Python Web Developer'),
       (58, 141, 'Разработчик Python'),
       (59, 140, 'Senior Python developer'),
       (60, 139, 'Программист-разработчик Python/Django'),
       (61, 138, 'Разработчик Python/Django (сфера 3D-печати и цифрового производства)'),
       (62, 137, 'Python developer'),
       (63, 136, 'Python senior developer'),
       (64, 135, 'Математик-программист / Разработчик (Python)'),
       (65, 134, 'Python Team Lead'),
       (66, 133, 'Python Django developer'),
       (67, 132, 'Senior Python Developer (Python-3)'),
       (68, 131, 'Senior Python Backend Developer (Machine Learning)'),
       (69, 130, 'Python developer'),
       (70, 129, 'Python-разработчик'),
       (71, 128, 'Python developer удаленно'),
       (72, 127, 'Junior разработчик со знанием Python (back-end) и JS (front)'),
       (73, 126, 'Web-разработчик (Python)'),
       (74, 125, 'Senior Python Developer'),
       (75, 124, 'Python разработчик (WEB разработка)'),
       (76, 123, 'Junior Программист computing vision (С++/Python)'),
       (77, 122, 'Разработчик Python'),
       (78, 121, 'Senior Python Developer / TechLead'),
       (79, 120, 'Python backend-разработчик'),
       (80, 119, 'Программист Python'),
       (81, 118, 'Бэкенд-разработчик (Python)'),
       (82, 117, 'Data Scientist'),
       (83, 116, 'Программист С++/Python'),
       (84, 115, 'Data scientist'),
       (85, 114, 'Junior Python developer в Вологде'),
       (86, 113, 'Разработчик автоматических тестов GUI (Python, Squish)'),
       (87, 112, 'Разработчик web-приложений Python'),
       (88, 111, 'Junior Python developer'),
       (89, 110, 'Junior Python Developer'),
       (90, 109, 'Бэкенд-разработчик (Python)'),
       (91, 108, 'Django Разработчик'),
       (92, 107, 'Senior Python developer'),
       (93, 106, 'Junior Data Scientist'),
       (94, 105, 'Программист С++ (Computer Vision)'),
       (95, 104, 'Программист Python Senior'),
       (96, 103, 'Data Scientist (удаленно)'),
       (97, 102, 'Разработчик Python'),
       (98, 101, 'Python Developer (Computer Vision)'),
       (99, 100, 'Python разработчик (удаленно)'),
       (100, 99, 'Разработчик (Python)'),
       (101, 98, 'Бэкенд-разработчик (Python)'),
       (102, 97, 'Python Django developer'),
       (103, 96, 'Python разработчик'),
       (104, 95, 'Программист Python'),
       (105, 94, 'Бэкенд-разработчик (Python)'),
       (106, 93, 'Разработчик Python (Удалённая работа)'),
       (107, 92, 'Data Engineer'),
       (108, 91, 'Python Django developer'),
       (109, 90, 'Разработчик Python'),
       (110, 89, 'Python-разработчик'),
       (111, 88, 'Бэкенд-разработчик (Python)'),
       (112, 87, 'Data scientist/Бизнес-аналитик (Junior/Middle) в консалтинг'),
       (113, 86, 'Программист Python'),
       (114, 85, 'Программист Python'),
       (115, 84, 'Python разработчик (Junior+) [id71561]'),
       (116, 83, 'Тестировщик ПО удаленно (автоматизация, Python)'),
       (117, 82, 'Python Developer'),
       (118, 81, 'Python (Django) developer'),
       (119, 80, 'Ведущий программист Python'),
       (120, 79, 'Middle/Senior Backend Developer (Python)'),
       (121, 78, 'Python- разработчик (middle)'),
       (122, 77, 'Senior Developer ( Python ) – разработчик'),
       (123, 76, 'Python Developer'),
       (124, 75, 'Ведущий программист (Python-разработчик)'),
       (125, 74, 'Бэкенд-разработчик (Python)'),
       (126, 73, 'QA Engineer (Python)'),
       (127, 72, 'Разработчик Python/Javascript'),
       (128, 71, 'Backend-разработчик (Python)'),
       (129, 70, 'Аналитик данных / Data scientist'),
       (130, 69, 'Senior Python Developer'),
       (131, 68, 'Python-developer'),
       (132, 67, 'Data scientist'),
       (133, 66, 'Python developer'),
       (134, 65, 'Full stack (python + react) разработчик'),
       (135, 64, 'Data Scientist'),
       (136, 63, 'Разработчик Python'),
       (137, 62, 'Программист Python'),
       (138, 61, 'Разработчик Python (+ Удаленная работа)'),
       (139, 60, 'Junior Python Developer'),
       (140, 59, 'Middle python backend разработчик'),
       (141, 58, 'Python разработчик (middle\senior)'),
       (142, 57, 'QA engineer (Python) - dbAces'),
       (143, 56, 'Senior Developer ( Python ) – разработчик'),
       (144, 55, 'Python App Backend Developer'),
       (145, 54, 'Программист Python'),
       (146, 53, 'Разработчик Python'),
       (147, 52, 'Senior Python developer'),
       (148, 51, 'Middle Python developer/Python разработчик'),
       (149, 50, 'Python developer/Разработчик Python (Middle)'),
       (150, 49, 'Разработчик / Инженер-программист (Python)'),
       (151, 48, 'Backend-разработчик Python (middle)'),
       (152, 47, 'Python middle developer'),
       (153, 46, 'Разработчик Python'),
       (154, 45, 'Python Developer'),
       (155, 44, 'Python разработчик'),
       (156, 43, 'Backend разработчик Python (Django) (middle+/senior)'),
       (157, 42, 'Junior Data Engineer (Младший специалист по работе с данными)'),
       (158, 41, 'Java/Python developer - dbIQ'),
       (159, 40, 'Junior Python Developer'),
       (160, 39, 'Back-end Python/Django'),
       (161, 38, 'Программист PHP / JS / Python'),
       (162, 37, 'Backend разработчик (Python, middle-senior)'),
       (163, 36, 'Стажер Data scientist'),
       (164, 35, 'Программист Python'),
       (165, 34, 'Программист Python'),
       (166, 33, 'Аналитик (Data Science )'),
       (167, 32, 'Разработчик Python'),
       (168, 31, 'Программист Python'),
       (169, 30, 'Разработчик Python'),
       (170, 29, 'Python developer'),
       (171, 28, 'Python developer (Senior)'),
       (172, 27, 'Python/Django разработчик'),
       (173, 26, 'Python Developer / Data Engineer'),
       (174, 25, 'Senior Python Engineer (Remote)'),
       (175, 24, 'Наставник по программированию (C#/С++/Java/Python)'),
       (176, 23, 'Инженер по автоматизации тестирования backend (Python) офис/удалённо'),
       (177, 22, 'Разработчик Python Middle+ [id 61603]'),
       (178, 21, 'Программист Python (RPA)'),
       (179, 20, 'Инженер-программист Python'),
       (180, 19, 'Python разработчик'),
       (181, 18, 'Data Scientist'),
       (182, 17, 'Data science'),
       (183, 16, 'Python разработчик'),
       (184, 15, 'Python разработчик (удаленно)'),
       (185, 14, 'Middle Python developer'),
       (186, 13, 'Python (Back-end) Developer'),
       (187, 12, 'Программист Python'),
       (188, 11, 'Data Scientist'),
       (189, 10, 'Python разработчик (Django)'),
       (190, 9, 'Python developer | Python разработчик'),
       (191, 8, 'Python разработчик Middle (удаленно)'),
       (192, 7, 'Преподаватель Python'),
       (193, 6, 'Python-разработчик DE'),
       (194, 5, 'Python Developer'),
       (195, 4, 'Программист Python'),
       (196, 3, 'QA Engineer (Python)'),
       (197, 2, 'Python developer'),
       (198, 1, 'Middle web-разработчик (удаленно)');

SELECT
    v.position_name AS vacancy_name,
    e.employer_name AS employer_name,
    e.area_id AS area_id
FROM homework.vacancy AS v 
LEFT JOIN homework.employer AS e ON v.employer_id = e.employer_id
WHERE 
    v.compensation_from IS NULL 
    AND v.compensation_to IS NULL
ORDER BY v.created_at DESC LIMIT 10;


WITH pretaxed_values AS (
    SELECT
    CASE 
        WHEN compensation_gross is FALSE
        THEN compensation_from / 0.87
        ELSE compensation_from
        END AS compensation_from,
    CASE 
        WHEN compensation_gross is FALSE
        THEN compensation_to / 0.87
        ELSE compensation_to
        END AS compensation_to
    FROM homework.vacancy AS v
)
SELECT
    avg(compensation_from) as average_min_salary,
    avg(compensation_to) as average_max_salary,
    avg(compensation_to - compensation_from) as average_salary_range
FROM pretaxed_values;


SELECT
    e.employer_id,
    employer_name,
    max(responses) AS max_responses,
    count(e.employer_id) AS employer_count     
FROM homework.employer AS e
LEFT JOIN homework.vacancy AS v ON v.employer_id = e.employer_id
GROUP BY e.employer_id ORDER BY max_responses DESC, employer_name ASC LIMIT 5;

WITH vac_number AS (
    SELECT
        e.employer_id,
        employer_name,
        count(v.vacancy_id) as vac_count
    FROM homework.employer as e
    LEFT JOIN homework.vacancy AS v ON v.employer_id = e.employer_id
    GROUP BY e.employer_id ORDER BY vac_count
)
SELECT
    percentile_cont(0.5) WITHIN GROUP (ORDER BY vac_count) as median_value
FROM vac_number;

SELECT
    area_name,
    min(first_response_at - created_at) AS min_time,
    max(first_response_at - created_at) AS max_time
FROM homework.vacancy AS v
LEFT JOIN homework.employer AS e ON v.employer_id = e.employer_id
LEFT JOIN homework.area AS a ON e.area_id = a.area_id
GROUP BY area_name ORDER BY area_name;
